INSERT INTO Account (id, created_at, updated_at, name, email, password, gender, address, image, role) VALUES
(1, 'Admin', NOW(), NOW(),'admin@gmail.com', 'admin', 1, 'HP', NULL, 2),
(2, 'Trần Anh Bảo',NOW(), NOW(),'tranbao@gmail.com', 'tranbao', 1, 'TPHCM', 'https://res.cloudinary.com/delgfr7a0/image/upload/v1723992848/driver1_vvnhtk.png', 1),
(3, 'Trần Ánh Mai', NOW(), NOW(),'anhmai@gmail.com', 'anhmai', 2, 'ĐN', 'https://res.cloudinary.com/delgfr7a0/image/upload/v1723992849/driver2_qguwrw.png', 1),
(4, 'Lê Anh Xuân', NOW(), NOW(),'leanhxuan@gmail.com', 'leanhxuan', 2, 'HN', 'https://res.cloudinary.com/delgfr7a0/image/upload/v1723992847/driver3_ld3nf4.png', 1),
(5, 'Trần Đình Phát', NOW(), NOW(),'trandinhphat@gmail.com', 'dinhphat', 1, 'BT', 'https://res.cloudinary.com/delgfr7a0/image/upload/v1723992846/driver4_yjauyl.png', 1),
(6, 'Lê Trọng Hoàng', NOW(), NOW(),'letronghoang@gmail.com', 'tronghoang', 1, 'TH', 'https://res.cloudinary.com/delgfr7a0/image/upload/v1723992849/driver5_cssstl.png', 1),
(7, 'Võ Bát Giáp', NOW(), NOW(),'vobatgiap@gmail.com', 'batgiap', 1, 'BĐ', 'https://res.cloudinary.com/delgfr7a0/image/upload/v1723992847/driver6_jh1bwr.png', 1),
(8, 'Trần Hồng Hoa', NOW(), NOW(),'tranhoanghoa@gmail.com', 'honghoa', 2, 'BT', 'https://res.cloudinary.com/delgfr7a0/image/upload/v1723992848/driver7_i37ri3.png', 1),
(9, 'Nguyễn Trần Phú', NOW(), NOW(),'nguyentranphu@gmail.com', 'tranphu', 1, 'LĐ', 'https://res.cloudinary.com/delgfr7a0/image/upload/v1723992848/driver8_nw4jk4.png', 1),
(10, 'Nguyễn Trần Minh Hoà', NOW(), NOW(),'nguyentranminhhoa@gmail.com', 'minhhoa', 1, 'TPHCM', 'https://res.cloudinary.com/delgfr7a0/image/upload/v1723992848/driver9_j3kftz.png', 1),
(11, 'Lê Thành Đạt', NOW(), NOW(),'lethanhdat@gmail.com', 'thanhdat', 1, 'CM', 'https://res.cloudinary.com/delgfr7a0/image/upload/v1723992847/driver10_alizdw.png', 1),
(12, 'Lê Minh Mẫn', NOW(), NOW(),'leminhman@gmail.com', 'minhman', 1, '502/2 Hà Nội , Phường Đông Anh Quận Hoàn Kiếm', 'https://cacanh24.com/wp-content/uploads/2023/05/Mau-anh-the-nam.jpg', 0),
(13, 'Trần Minh Minh', NOW(), NOW(),'tranminhminh@gmail.com', 'minhmimh', 1, '62 Hồ Xuân Hương', 'https://toplist.vn/images/800px/hieu-anh-hoang-dung-318154.jpg', 0),
(14, 'Trần Đại Nghĩa', NOW(), NOW(),'trandainghia@gmail.com', 'dainghia', 1, '4/7 Bình Đức P15 Q 8 ,TPHCM', 'https://toigingiuvedep.vn/wp-content/uploads/2021/07/mau-anh-the-dep-lam-the-can-cuoc.jpg', 0),
(15, 'Nguyễn Ngọc Trâm', NOW(), NOW(),'nguyengoctram@gmail.com', 'ngoctram', 2, '48 Hoà Bình , Tỉnh Điện Biên Hà Giang', 'https://toplist.vn/images/800px/hieu-anh-hoang-dung-318155.jpg', 0),
(16, 'Lê Diễm My', NOW(), NOW(),'lediemmy@gmail.com', 'diemmy', 2, '12 Châu Thành , Xã Tam Phước ,  Bến Tre', 'https://tse2.mm.bing.net/th?id=OIP.LkAaJ6W6oiKJpXoJ063k6QAAAA&pid=Api&P=0&h=220', 0),
(17, 'Trinh Xuan Thanh', NOW(), NOW(),'trinhxuanthan@gmail.com', 'xuanthanh', 1, '40 Bắc Giang', 'https://toplist.vn/images/800px/studio-hong-ngoc-318809.jpg', 0),
(18, 'Lê Thành', NOW(), NOW(),'lethanh@gmail.com', 'lethanh', 1, '41/1 Đất Mũi , Phường An Khánh , Tỉnh Cà Mau', 'https://img2.thuthuatphanmem.vn/uploads/2019/05/06/anh-the-nam-dep-nhat_100828554.jpg', 0),
(19, 'Phạm Phúc Hậu', NOW(), NOW(),'phamphuchau@gmail.com', 'phuchau', 1, '49 Điện Biên , Phường Hoà Bình , Điện Biên Phủ', 'https://www.uit.edu.vn/sites/vi/files/uploads/images/thumbs/202111/hoang.png', 0),
(20, 'Lê Văn Luyện', NOW(), NOW(),'binhnhi05102000@gmail.com', 'vanluyen', 1, '21A Bến Tre Tỉnh Châu Thành , Huyện Ba Tri ', 'https://img2.thuthuatphanmem.vn/uploads/2019/05/06/anh-the-nam-sinh-dep_100828613.jpg', 0),
(21, 'Nguyễn Lệ Nhi', NOW(), NOW(),'trantoan1682016@gmail.com', 'lenhi', 2, 'Đài Bắc , Trung Hoa', 'https://haycafe.vn/wp-content/uploads/2021/12/mau-anh-the-dep-nu-toc-dai-den-chup-phong-nen-xanh.jpg', 0);


INSERT INTO Advertisement (path, image) VALUES
('https://shopee.vn/m/Uu-dai-nguoi-dung-moi-Quang-cao-Shopee-2024?utm_campaign=-&utm_content=1-NS-101-45413-&utm_medium=affiliates&utm_source=an_17040400028&utm_term=bkrprumzdhyh', 'https://res.cloudinary.com/dj7xlmndj/image/upload/v1723367859/i9iqcwln1on8sjvukqo7.png'),
('https://enhancv.com/uk/blog/how-to-write-a-cv/', 'https://res.cloudinary.com/dj7xlmndj/image/upload/v1723368253/pgsjwbhihuybccdyzoh2.jpg'),
('https://topdev.vn/page/trac-nghiem-tinh-cach?src=topdev.vn&medium=blog-homepage-middle', 'https://res.cloudinary.com/dj7xlmndj/image/upload/v1723368401/d0v4nnjicx76o2zlxakq.png');


INSERT INTO curriculum_vitae (id, file_name, `name`, account_id) VALUES
(1, 'http://res.cloudinary.com/dj7xlmndj/image/upload/v1722859351/l3t9mqsc11m00ormzzbs.pdf', 'Intern', 12),
(2, 'http://res.cloudinary.com/dj7xlmndj/image/upload/v1722860152/lip7xhvxyhod1wlfjbcg.pdf', 'Fresher', 13),
(3, 'http://res.cloudinary.com/dj7xlmndj/image/upload/v1722860438/vqixzjqazjpsrv5ugwvm.pdf', 'Fresher', 14),
(4, 'http://res.cloudinary.com/dj7xlmndj/image/upload/v1722860741/n5lo8jscpzwu9urvrwuz.pdf', 'Tester', 15),
(5, 'http://res.cloudinary.com/dj7xlmndj/image/upload/v1722861048/chp8voplix0tzssmnfo3.pdf', 'Fresher', 16),
(6, 'http://res.cloudinary.com/dj7xlmndj/image/upload/v1722859351/l3t9mqsc11m00ormzzbs.pdf', 'Fresher', 17),
(7, 'http://res.cloudinary.com/dj7xlmndj/image/upload/v1722861985/brslq9zes8f4waaga9zj.pdf', 'Fresher', 18),
(8, 'http://res.cloudinary.com/dj7xlmndj/image/upload/v1722862146/ggnkknptlgzm4fhpuxa7.pdf', 'Intern', 19),
(9, 'ttp://res.cloudinary.com/dj7xlmndj/image/upload/v1722862306/pdz7pomzmoyu5npeybxz.pdf', 'Fresher', 20),
(10, 'http://res.cloudinary.com/dj7xlmndj/image/upload/v1722862453/xstyhaced4mggl9znle9.pdf', 'Tester', 21);


INSERT INTO city_province (id, name) VALUES
(1, 'Hồ Chí Minh'),
(2, 'Hà Nội'),
(3, 'Hà Giang'),
(4, 'Lạng Sơn'),
(5, 'Vũng Tàu'),
(6, 'Lâm Đồng'),
(7, 'Cà Mau'),
(8, 'Cần Thơ'),
(9, 'Phú Quốc'),
(10, 'Hải Phòng');

INSERT INTO company (id, name, introduction, benefit, profession, size,link_website,nationnality, logo_image, background_image, list_image, enable, contract, account_id, location, city_province_id, count_job) VALUES
(1, 'LIEN VIET POST JOINT STOCK COMMERCIAL BANK', 
'Lien Viet Post Joint Stock Commercial Bank (LPBank), formerly Lien Viet Commercial Joint Stock Bank (LienVietBank), was established under the Establishment and Operation License No. 91/GP-NHNN dated March 28, 2008 of the Governor of the State Bank of Vietnam.\n\nIn 2011, with the Vietnam Post Corporation contributing capital to LienVietBank with the value of the Postal Savings Service Company (VPSC) and in cash. Lien Viet Bank was allowed by the Prime Minister and the Governor of the State Bank of Vietnam to change its name to Lien Viet Post Joint Stock Commercial Bank. Along with this name change, Vietnam Post Corporation officially became the largest shareholder of LPBank\n\nAfter 15 years of establishment and operation, LPBank has developed into one of the top 10 largest joint stock commercial banks in Vietnam with total assets of over 327,000 billion VND, charter capital reached 17,241 billion VND. Currently, LPBank is also one of the banks with the largest network in the banking system with 561 branches, transaction offices and more than 10,000 service points. The total number of employees of LPBank has reached more than 12,000 people.', 
'Bonuses on holidays and Tet according to the banking policy of each period (From 16-18 months salary/year)\nFull regimes and benefits of Bank staff.\nDynamic, friendly and close environment. There are many opportunities for training, learning and development.\nAnnual salary review policy\nProviding working equipment\nAnnual travel/team building\nFull participation in insurance (social insurance/health insurance)\n12 days of annual leave\nWorking hours from 08:00 to 17:00, from Monday to Friday every week. From 08:00 to 12:00 on Saturday morning', 
'Middle, Senior', 
'1900-2000', 
'https://jobs.lpbank.com.vn/vi', 
'Viet Nam', 
'https://lienvietbankvn.com/wp-content/uploads/2021/06/hotline-ud.png', 
'https://lienvietbankvn.com/wp-content/uploads/2024/03/photo_2024-01-14_10-55-17.jpg', 
'["https://res.cloudinary.com/delgfr7a0/image/upload/v1722878203/phongtro123/ty858v7drq5dztxhnq2v.jpg","https://res.cloudinary.com/delgfr7a0/image/upload/v1722878204/phongtro123/bhtwf4wgqow4o7l3erb0.jpg"]', 
1, 
0, 
2, 
'Số 5 Lê Trung Nghĩa, Phường 12, Quận Tân Bình, Thành phố Hồ Chí Minh, Việt Nam',
1, 
3),

(2, 'Company Mission Useful SPRAYWAY-TPR', 
'About Sprayway-TPR\n• Sprayway-TPR is a subsidiary of Sprayway Singapore, headquartered in Singapore, with branches in the United States, China, India, Cambodia and Vietnam.\n• Our company specializes in supplying, supporting and distributing Sprayway and TPR branded products in countries such as the United States, Africa, Asia, Europe and the Middle East. For more than 70 years in the United States, Sprayway has provided high-quality sprays in 18 industries such as the garment-embroidery-printing industry, household appliances, automotive industry, etc. With leading-edge technology, we ensure that customers will receive high-end products in perfect packaging conditions.\n• Please visit our websites for more details:\nwww.spraywayvietnam.com; www.sprayway-tpr.com', 
'None', 
'Staff', 
'99-1000', 
'http://www.sprayway-tpr.com/vn/', 
'Viet Nam', 
'https://res.cloudinary.com/delgfr7a0/image/upload/v1722876595/phongtro123/di1f5ivtaq2lyfzajg0g.jpg', 
'http://www.sprayway-tpr.com/vnt_upload/File/Image/Capture_3.png', 
'["https://res.cloudinary.com/delgfr7a0/image/upload/v1722876477/phongtro123/hhfckyol5wnn5cdjpx5k.jpg","https://res.cloudinary.com/delgfr7a0/image/upload/v1722876483/phongtro123/ysbraj8syi17uvf9dnow.jpg","https://res.cloudinary.com/delgfr7a0/image/upload/v1722876490/phongtro123/yeq2xpfu36n7o4ddofgb.jpg","https://res.cloudinary.com/delgfr7a0/image/upload/v1722876499/phongtro123/n7lpmznk86okol32yxbw.jpg"]', 
1, 
0,
3,
'Tầng 25, Tòa nhà Lim Tower, 9 - 11 Tôn Đức Thắng, Phường Bến Nghé, Quận 1, Thành phố Hồ Chí Minh', 
2, 
3),

(3, 'COMPANY Mission Useful LIKELION', 
'100% funded by the Korean Government, this is the first project to connect jobs for Vietnamese students with Korean Start-up Enterprises. You will undergo practical training and experience living and working in major cities in Korea.', 
'Lunch support for full-time classes\nLending learning equipment during training\nSupporting interpretation during interviews with Enterprises\nSupporting consulting on preparing VISA application documents (after passing the recruitment)\nCandidates receive free training for 5 months\nJob connection at Start-up companies in Korea\nSupported in applying for E-7 VISA within the project framework', 
'Fresher, Intern, All Levels', 
'10-50', 
'https://www.likelion.edu.vn/', 
'South-Korea', 
'https://salt.topdev.vn/1gqkMlaODtuHsUUfukg2NnL650zqwFNyqYPX_ZVyqQo/fit/384/1000/ce/1/aHR0cHM6Ly9hc3NldHMudG9wZGV2LnZuL2ltYWdlcy8yMDI0LzA1LzA4L1RvcERldi05NjAxY2I2NjI1OTdlYTM1NzIzYTBmMjkwODc1MTM3Yi0xNzE1MTYyMjY2LnBuZw', 
'https://salt.topdev.vn/EUtbh-V5PBrEVe_Otnj4AwhZmbZDr8LuDy6XjM3KEgg/fit/1920/1000/ce/1/aHR0cHM6Ly9hc3NldHMudG9wZGV2LnZuL2ltYWdlcy8yMDI0LzA1LzA4L1RvcERldi00MDc1NjU0YjcxMTk2MTE5OTEyZjUwMDE5Y2UxODM3My0xNzE1MTYyMjY4LmpwZWc', 
'["https://res.cloudinary.com/delgfr7a0/image/upload/v1722876830/phongtro123/nmh8htfrdykcvub18pnr.jpg","https://res.cloudinary.com/delgfr7a0/image/upload/v1722876840/phongtro123/ph8ornhrqdnovm4qnbcr.png","https://res.cloudinary.com/delgfr7a0/image/upload/v1722876846/phongtro123/zpnf5sedjon5ynbax3lf.jpg","https://res.cloudinary.com/delgfr7a0/image/upload/v1722876851/phongtro123/uefnsihaczzluwyhwb9o.jpg","https://res.cloudinary.com/delgfr7a0/image/upload/v1722876856/phongtro123/mhpys0squ6layg6msnbi.jpg"]', 
1,
0,
4, 
'Tòa nhà LPB, số 210 Trần Quang Khải, Phường Tràng Tiền, Quận Hoàn Kiếm, Thành phố Hà Nội', 
4, 
3),

(4, 'BIDV Technology Department', 
'The Joint Stock Commercial Bank for Investment and Development of Vietnam (BIDV) is a leading bank in Vietnam, operating in many fields such as Banking, Insurance, Securities. With more than 25,000 employees, BIDV recognizes that human resources are a key factor for the development and success of the organization. Therefore, one of BIDV''s most important goals is to build, maintain and develop a team of employees that is sufficient in quantity and quality to successfully implement the goals and business strategies of the system. \n\n66 years of construction and growth is a proud journey of generations of BIDV leaders and employees, going through ''many waterfalls and rapids'' to forge and cultivate the mettle, resilience and overcoming difficulties of ''BIDV people''. At this milestone, with the determination of the Board of Directors, the solidarity and unity of the staff and employees, dynamic, BIDV has gathered all the conditions, determination and aspiration to change and conquer new heights.', 
'13th month salary (Average 4-5 months of basic salary)\nEnjoy salary, bonus and incentive mechanisms according to the agreement and regulations of the Joint Stock Commercial Bank for Investment and Development of Vietnam.\nEnjoy additional income according to work results, job position and regulations of BIDV.\nSalary review twice a year\nProviding working equipment\nTravel - Vacation - Team building every year\nRegular health check-up\nWedding benefits, birthday money\nFull participation in insurance according to regulations\nAnnual leave according to regulations of the State\nWorking hours: Monday - Friday from 8:00 a.m. to 5:00 p.m. hour', 
'Technology Research Specialist - Position Code CN04 (Quantity: 02)', 
'10-30', 
'https://tuyendung.bidv.com.vn/', 
'Viet Nam', 
'https://salt.topdev.vn/Wt2k62htIQ3R5MXDy2T6eNJNoS8gArlxjQ-WtPnoD9s/fit/384/1000/ce/1/aHR0cHM6Ly9hc3NldHMudG9wZGV2LnZuL2ltYWdlcy8yMDIyLzA3LzE4L1RvcERldi04MWYzNjc3Y2Q2MGQyY2I5ZWI2ZDdmZWQ2YjdkNTI1MS0xNjU4MTEwOTA3LnBuZw', 
'https://salt.topdev.vn/NYxQ4SK6H1v2z7cqZS2ZKJTvS0P1Ct5Ks21Saaxb6NA/fit/1920/1000/ce/1/aHR0cHM6Ly9hc3NldHMudG9wZGV2LnZuL2ltYWdlcy8yMDIzLzA3LzI0L1RvcERldi02ZmYzOWYyODBlNDY5MmI5OTU3MDBjYTM3MGFkYzAwYy0xNjkwMTY2MjQwLmpwZw', 
'["https://res.cloudinary.com/delgfr7a0/image/upload/v1722876889/phongtro123/z6qe8d59r3n86gncgnlw.jpg","https://res.cloudinary.com/delgfr7a0/image/upload/v1722876890/phongtro123/zz8gyv8us6onnz0k20zw.jpg","https://res.cloudinary.com/delgfr7a0/image/upload/v1722876892/phongtro123/wkeeyn0tlzhpn0gjoo5c.jpg"]', 
1,
0,
5, 
'Tầng 14, Tháp A Vincom, 191 Bà Triệu, Phường Lê Đại Hành, Quận Hai Bà Trưng, Thành phố Hà Nội', 
1, 
3),

(5, 'Mobifone Information Technology Center', 
'HELLO CANDIDATES\n\nThere are many IT companies in Vietnam but only a few can compare to MobiFone in terms of working environment. The actual evidence is that MobiFone has been surveyed and evaluated by Anphabe Career Network Community as one of the 15 best places to work in Vietnam for many consecutive years. With all the elements that make up a good working environment: Clear vision, mission, and operational goals; Dynamic, open, and friendly working environment; Balance between work and life; Recognition of employees'' contributions and dedication; Clear and transparent career development opportunities; Attractive welfare and salary mechanisms;….\n\nMobiFone Information Technology Center always opens its doors to welcome candidates who are suitable for the job position, working environment and are willing to contribute and strive their best together MobiFone!\n\nMobiFone IT Center\n\nMobiFone Information Technology Center is a unit under MobiFone Telecommunications Corporation, responsible for deploying business solutions and IT services for Government and Enterprise customers.\n\nVision: MobiFone - Conquering the digital world\nMission: Bringing connected technology solutions in a comprehensive ecosystem to help promote digital transformation in businesses, agencies and organizations.\nMobiFone Information Technology Center, formerly the Software Development Center under MobiFone Telecommunications Corporation, officially came into operation on January 24, 2014.\n\nOver 8 years of operation, with the main expertise in researching, developing and trading IT solutions and services for Government and Enterprise customers, MobiFone IT Center has launched more than 20 specific IT products in 3 groups: Digital Government, Digital Enterprise, Technology 4.0 (AI - IoT - Big Data) and provided to thousands of customers.\n\nAfter only 6 years of effective and independent development as a member company of the Corporation, MobiFone IT Center has continuously grown and expanded in scale. Currently, the Center has a team of experienced leaders, more than 30 excellent experts and a team of enthusiastic and dynamic employees, over 1,000 Account Managers, serving over 20,000 large and small domestic and foreign business customers. Since then, the Center has officially joined the Business unit group of MobiFone Telecommunications Corporation.', 
'Income up to 480 million/year\nSocial insurance/unemployment benefits and other attractive benefits, health insurance package with benefits up to $8000\nCompensation regimes, lunch 1,000,000 VND/month, internal subscription 320,000 VND/month\nTraining to develop yourself, improve professional skills and expertise\nWork in a professional, dynamic, youthful environment and experience unique corporate cultural activities\nOpportunity to approach large businesses, projects, the latest technology/platform trends, freely develop yourself creatively\nWorking hours: 08:00 - 17:00 from Monday to Friday every week (Closed on Saturday, Sunday)', 
'Business Analyst', 
'1-40', 
'https://it.mobifone.vn/tuyen-dung/', 
'Vietnam', 
'https://salt.topdev.vn/6Ocwn3fA5uAXL8EYX3_RuaULkbzr84DRGxGy-SNmLZY/fit/384/1000/ce/1/aHR0cHM6Ly9hc3NldHMudG9wZGV2LnZuL2ltYWdlcy8yMDIyLzA4LzE2L1RvcERldi1sb2dvaEFUOEhsbVFDYXVmdlZ2ckNzanBJR1ppVndBRDZSU1otMTY2MDY1NDkxOS5qcGVn', 
'https://salt.topdev.vn/YtmzTwIbwQPZuHJ4sITYorHC0gghwXURKNSK-mMXa-s/fit/1920/1000/ce/1/aHR0cHM6Ly9hc3NldHMudG9wZGV2LnZuL2ltYWdlcy8yMDIyLzEwLzA3L1RvcERldi1IRVkwMjMyOC0xNjY1MTEzMTA4LmpwZw', 
'["https://res.cloudinary.com/delgfr7a0/image/upload/v1722876927/phongtro123/hxrwpeoe2secjxumnalt.jpg","https://res.cloudinary.com/delgfr7a0/image/upload/v1722876930/phongtro123/yz6cowzy9ce9tssb1ymt.jpg"]', 
1,
0,
6, 
'Văn phòng Hà Nội: Tầng 9-10, tòa nhà Thái Nam, đường Dương Đình Nghệ, Phường Yên Hoà, Quận Cầu Giấy, Thành phố Hà Nội', 
1, 
3),

(6, 'TopDev''s Client', 
'We are American company that specializes in developing software for the music industry. The programs we develop help record labels and artists market and monetize their music. We have offices in US and Europe, and we opened our Hanoi office in 2018. We are a young, dynamic company that is committed to making the music industry a simpler, more profitable place for artists.', 
'Build solid foundation for IT career path through an accelerate 12-month development\nAcquire strong technical and soft skills\nWork in cutting edge technology projects\nBuddy with friendly colleagues and learn from senior experts\nDevelop a strong sense of business insight\nDevelopment journey come along with growing benefits\nReceive attractive benefits (meal allowance, 13th month salary, performance bonus, healthcare insurance,...)', 
'DevOps Engineer (All Levels)', 
'25-100', 
'topdev.vn', 
'Vietnam', 
'https://salt.topdev.vn/SQLQ2crvJd89D-maj2gk_Sla1kU36bI8UMz8d_w_IHg/fit/384/1000/ce/1/aHR0cHM6Ly9hc3NldHMudG9wZGV2LnZuL2ltYWdlcy8yMDI0LzAzLzAxL1RvcERldi1TRTZxUTE4RWJBVWpjZm9ELTE3MDkyNzg3MTcucG5n', 
'https://salt.topdev.vn/KCDbINiKQWqOXrY1mJJghjs7_ShTBmt7Ad1bpNpd1B8/fit/1920/1000/ce/1/aHR0cHM6Ly9hc3NldHMudG9wZGV2LnZuL2ltYWdlcy8yMDI0LzA1LzA4L1RvcERldi12aUp2bm1pZmhKVXVZYWRlLTE3MTUxNDQyNTUucG5n', 
'["https://res.cloudinary.com/delgfr7a0/image/upload/v1722876979/phongtro123/iojsur961rr0dalmz4vg.png","https://res.cloudinary.com/delgfr7a0/image/upload/v1722876980/phongtro123/tgdqluc3fs5aspyqei7m.png","https://res.cloudinary.com/delgfr7a0/image/upload/v1722876983/phongtro123/ugtr8ycde1uikat93qyr.png"]', 
1,
1,
7, 
'Tầng 12A, Toà nhà AP Tower, 518B Điện Biên Phủ, Phường 21, Quận Bình Thạnh, Thành phố Hồ Chí Minh', 
3, 
3),

(7, 'Mirae Asset Finance Company (Vietnam)', 
'Mirae Asset Finance Company Vietnam is a member of Mirae Asset Financial Group, a global financial group from Korea, with 20 years of experience in finance, securities, investment, asset management etc., and is present in 16 countries with 200 offices and branches worldwide.\n\nBeing present in Vietnam in 2006 and officially operating in 2011, the Company has been built with the vision of always pursuing an optimal investment management strategy in order to support customers with achieving their long-term goals. In addition, Mirae Asset Finance Company Vietnam has made continuous efforts to improve its consumer financial products with a purpose of creating favorable conditions for the customers to effectively, legally and safely access the capital.', 
'15 Annual Leaves\n13th Salary and pro-Rate and performance bonus\nAnnual healthcare insurance package from senior level and above\nA week trip to Korea in order to recognize all your good performance and effort\nWork-life balance 42,5-hr per week from Mon to Fri.', 
'Software Quality Assurance Executive', 
'50-100', 
'http://mafc.com.vn', 
'South-Korea', 
'https://salt.topdev.vn/S8bSkxCCiyB_TM656KwMU-0vAHXutXwO7Q9VN4JTVCY/fit/384/1000/ce/1/aHR0cHM6Ly9hc3NldHMudG9wZGV2LnZuL2ltYWdlcy8yMDI0LzAyLzA1L1RvcERldi1kQUJCeHhpOXdSZXBHMkl6LTE3MDcxMjU1NDYucG5n', 
'https://salt.topdev.vn/Kz91Py1lfYsNmBPblM-XJrOQOsOfMS30-1RjILko70A/fit/1920/1000/ce/1/aHR0cHM6Ly9hc3NldHMudG9wZGV2LnZuL2ltYWdlcy8yMDIyLzA1LzI0L1RvcERldi1Ub3BEZXYtZ2FsbGVyeTJxNGtUelRjc1N1dHhjdnVwNVd1VFU2NlZ1T25UV0FwLTE2NDE0NjUzMDUtMTY1MzM4Mzg4Ny5qcGVn', 
'["https://res.cloudinary.com/delgfr7a0/image/upload/v1722877000/phongtro123/basuveqzbyosfgpcvp6a.jpg","https://res.cloudinary.com/delgfr7a0/image/upload/v1722877002/phongtro123/zbkzyudd18psbl1zrtcu.jpg","https://res.cloudinary.com/delgfr7a0/image/upload/v1722877004/phongtro123/tidbjwqthbwjgfibnmyn.jpg"]', 
1,
1,
8, 
'67B phố Hàm Long, Phường Hàng Bài, Quận Hoàn Kiếm, Thành phố Hà Nội', 
2, 
3),

(8, 'Megazone Vietnam Company Limited', 
'Megazone Cloud is one of the largest cloud managed service providers (MSP) in the Asia Pacific region. Since its foundation in 1998, the company has offered business-to-business IT services, and currently boasts over 1,000 experts. Megazone Cloud is Korea''s first AWS Premier Consulting Partner is leading the development of the cloud market in the APAC region. Recently, the company has been actively expanding its global market by establishing overseas subsidiaries in the United States, Japan, China, and others. Megazone reported about US$ 1.7 billion of sales in the field of cloud transformation and operational management in 2018 and is foreseeing to reach up to about US$ 3.8 billion of sales. Megazone''s customer companies range from big companies such as Samsung Electronics Co. and LG Electronics Inc. to financial institutes and start-ups.', 
'Product company with global reputation specialized in end-point security\nVery attractive salary\nGlobal standard working environment\n100% salary during probation period\n13th month salary\nBirthday Bonus, New Year Bonus\nSocial Insurance, health insurance, unemployment insurance on total salary after probation period\nBao Viet Healthcare Insurance\nHealth Check\nTeam Building\nFlexible working hours\nTraining & development opportunities\nLaptop and PC for everyone', 
'Senior Android Developer', 
'99-200', 
'https://www.megazone.com/\n', 
'South-Korea\nVietnam', 
'https://www.megazonecdn.com/pops/images/og-megazone-pops.png', 
'https://imgnew.megazone.com/2022/01/168380_91940_3339.jpg', 
'["https://res.cloudinary.com/delgfr7a0/image/upload/v1722877272/phongtro123/pgw3xfaihqg5iiw6owrh.jpg","https://res.cloudinary.com/delgfr7a0/image/upload/v1722877273/phongtro123/lcimrlalkjgvbm4coouh.jpg","https://res.cloudinary.com/delgfr7a0/image/upload/v1722877275/phongtro123/sscylpxupx07beo8zzlw.png"]', 
1,
1,
9, 
'Tòa nhà Bitexco, Ho Chi Minh City, Phường Bến Nghé, Quận 1, Thành phố Hồ Chí Minh', 
8, 
3),

(9, 'Dynamics 365 Support Technician (Open for freshers)', 
'iTechwx is newly born in the summer of 2022 in Ho Chi Minh City, Vietnam. We locate in Binh Thanh District, settling the office inside Opal Tower. As the first stop in SEA region, iTechwx encounters Vietnam, and particularly the city of Ho Chi Minh because of the richness in human resources, as well as the prospecting technology industries in this robust city.\n\nWe see opportunities - specifically to the sector of cloud solutions and managed IT services. We believe a One-Stop Digital Transformation Service is the solution to most enterprises. iTechwx is specialized in agile recruiting, designated training, and managing services to drive exceptional quality in delivery. iTechwx is also empowered to incubate technical talents. We invent highly efficient training, mentoring, onboarding, and quality assurance processes, incorporating with the essence of customer services. We see the city is awaiting to practice the most to succeed.\n\nWe invest on the talents. iTechwx commits to carefully treat each employee, and to forge a company brand full of vitality. Employees in iTechwx always find easy access to company resources. Teams are supplemented with supporting groups to take care of employee work experience.\n\niTechwx dedicates the One-Stop Digital Transformation Service to our customers\n\nContact Center Services\niTechwx constructs contact centers with customer-oriented advocates, supporting global customers with multi-languages and multi-media. iTechwx offers tech-focused contact center services, with our advanced operation standards, specialized training programs, and innovative management structure.\n\nInformation Technology Services\niTechwx provides services including design, development, testing, maintenance, support, and project management for both software and hardware products in frontier technological domains such as Cloud Computing, Internet of Things, Big Data, Smart Technology, Mobile Technology, etc.\n\nConquer the Everest, Together with iTechwx.', 
'Competitive salary depending on experience: starting from 20,000,000 VND GROSS\nSalary at 100% during the probationary period\nTraining will be offered\nFull working equipment will be provided\n90% contribution of the gross salary to social insurance\n12 days of annual leave, 8 days of sick leave\n30% allowance on gross salary + PVI insurance + 500,000 VND food allowance for employees working night shift\nAnnual Health Checkup', 
'Dynamics 365 Support Technician (Open for freshers)', 
'100-500', 
'https://itechwxrecruiting.jobday.vn', 
'United States', 
'https://itechwxrecruiting.jobday.vn/APIS/g1/JobDayAPI/api/Image?tenantCode=QDPNTNMD&fileName=d8d7bc53-fc75-42b2-832c-b776dfc47520.jpg&storageType=4', 
'https://itechwxrecruiting.jobday.vn/APIS/g1/JobDayAPI/api/Image?tenantCode=QDPNTNMD&fileName=ecbe8bc7-4b2e-464b-bdf2-4cea9d77e92f.jpg&storageType=4', 
'["https://res.cloudinary.com/delgfr7a0/image/upload/v1722866224/phongtro123/uwn3tukklto1clxnfrso.png","https://res.cloudinary.com/delgfr7a0/image/upload/v1722866229/phongtro123/ciridaczp9zz0hlbashp.png","https://res.cloudinary.com/delgfr7a0/image/upload/v1722866232/phongtro123/n7tecq6fpzvm6qj9f7ai.png","https://res.cloudinary.com/delgfr7a0/image/upload/v1722866237/phongtro123/iz1nehpfru1zcadfvb9h.png"]', 
1,
1,
10, 
'The Sun Avenue 28 Mai Chí Thọ, An Phú, Quận 2, Phường An Phú, Thành phố Thủ Đức, Thành phố Hồ Chí Minh', 
8, 
3),

(10, 'Traphaco Joint Stock Company', 
'Traphaco Joint Stock Company is one of the leading pharmaceutical companies in Vietnam, specializing in manufacturing and trading pharmaceutical products, functional foods and health care products on the basis of a green supply chain from raw materials to clean production technology, distribution system, and environmentally friendly services.', 
'Insurance: social; medical; unemployment; body; health care\nBonus and welfare regime: according to Company regulations\nTraining: trained according to Company regulations\nSalary: According to Company regulations.\nIncome outside of salary is about 20-25%', 
'Application Operator', 
'1000-1200', 
'https://traphaco.com.vn/', 
'Vietnam', 
'https://salt.topdev.vn/a3a-266ApVQlUcAN_Hu2CZIKu1y-p6mQ49Yhb8Zp4yI/fit/384/1000/ce/1/aHR0cHM6Ly9hc3NldHMudG9wZGV2LnZuL2ltYWdlcy8yMDI0LzA2LzA1L1RvcERldi1sb2dvX3ZpLS0tbmd1eWVuLWxhcC0xNzE3NTUzMzg3LnBuZw', 
'https://res.cloudinary.com/delgfr7a0/image/upload/v1722865311/phongtro123/l6omjqthf2a8rsrz5h2p.jpg', 
'["https://res.cloudinary.com/delgfr7a0/image/upload/v1722865311/phongtro123/l6omjqthf2a8rsrz5h2p.jpg","https://res.cloudinary.com/delgfr7a0/image/upload/v1722865315/phongtro123/ttdyajssmv0depdaz9rh.jpg"]', 
1,
1,
11, 
'Số 75 phố Yên Ninh, Phường Quán Thánh, Quận Ba Đình, Thành phố Hà Nội', 
4, 
3);

INSERT INTO job_type (id, name) VALUES
(1, 'In Office'),
(2, 'Hybrid'),
(3, 'Remote'),
(4, 'Oversea');

-- Insert statements for Jobs table
INSERT INTO jobs (id, title, description, reponsibility, skill_required, benefit, interview_steps, amount, experience_required, salary_max, salary_min, start_date, end_date, is_active, gender, company_id, job_type_id, created_at) VALUES
(1, 'Designer - Salary 12 - 18 Million (Experienced)', '- Receive design requests; products of beds, cabinets, tables and chairs... (disassembled goods)\n\n- 3D design; extract drawings, upload to AI\n\n- Coordinate with the production workshop, support consulting on materials, production methods...', 'No Requirements', '- Graduated from design major or equivalent.\n\n- Proficient in AutoCAD, 2D, 3D design\n\n- Experience in designing beds, cabinets, tables and chairs for 5 years or more', 'Salary is negotiable (12-18 million) (negotiable based on the candidate''s ability)\n\nPay social insurance, health insurance according to regulations, Tet bonus, lunch,...\n\n13th month salary, seniority bonus, solar and lunar bonus,...\n\nAnnual leave, holidays, Tet,... full of current regime.\n\nPay insurance after officially working.', 'None', 1, '5 years', '18 millions', '12 millions', '2024-03-01', '2024-07-01', 1, 0, 2, 1, '2024-02-29'),
(2, 'FREE TRAINING AND WORKING OPPORTUNITY IN KOREA FOR FRESHERS (5 months of training + E-7 Engineer visa)', '100% funded by the Korean Government, this is the first project to connect jobs for Vietnamese students with Korean Start-up Enterprises. You will undergo practical training and experience living and working in major cities of Korea.', 'Training content:\n\n05 months of training (full-time) with the following content:\n\nFront-end or Back-end\nHow to interview with Korean enterprises\nWorking culture of Korean companies\nBasic Korean\nE-7 visa to work in Korea\nTraining in the direction of practical projects\nApplication deadline is 23:00, May 23, 2024\nTraining period: June ~ November 2024', 'About to graduate from university with IT-related majors\nGraduated from other majors but intend to study and become a Dev\nKnowing Korean is a plus', 'Lunch support for full-time classes\nLending learning equipment during training\nInterpreting support during interviews with businesses\nSupport consulting on preparing VISA application documents (after passing the recruitment)\nCandidates receive free training for 5 months\nJob connections at Start-up companies in Korea\nSupport for applying for E-7 VISA within the framework of the project sentence', 'Round 1: Application deadline is 11:00 p.m., May 23, 2024\nRound 2: Admission and placement deadline: May 31, 2024\nRound 3: Training period: June ~ November 2024', 0, 'No Required', NULL, NULL, '2024-02-10', '2024-04-11', 1, 0, 3, 2, '2024-02-08'),
(3, '.NET Developer', NULL, 'Construct, develop, upgrade, and fix product errors on the enterprise management system according to the requirements of the Business Department.\\n\" +\n \"Programming and developing applications, building documents, serving management and business work approved by the Board of Directors of the Block or equivalent level.\\n\" +\n \"Self-research and contribute ideas, build opinions on business documents, support department leaders with initiatives to serve the work.\\n\" +\n \"Coordinate support, check the system that has been built and deployed.\\n\" +\n \"Manage, review, and compare code before uploading to the UAT, LIVE environment.\\n\" +\n \"Manage source code of related applications.', 'About to graduate from University in IT-related majors\nGraduated from majors other majors but intend to study and become a Dev\nKnowing Korean is a plus', 'Bonuses on holidays and Tet according to the bank''s policy from time to time (From 16-18 months salary/year)\nFull benefits and rights of bank staff.\nDynamic, friendly, close environment. Many opportunities to study, train, learn and develop.\nAnnual salary review policy\nProviding working equipment\nAnnual travel/team building\nFull participation in insurance (social insurance/health insurance)\n12 days of annual leave\nWorking hours from 08:00 to 17:00, from Monday to Friday every week. From 08:00 to 12:00 on Saturday morning', 'Round 1: 01 round only (direct/online)', 0, 'From 2 years of experience \nProficient in web coding on .NET platform\nProficient in Oracle Database\nPriority is given to candidates who know banking operations: payment connection, reconciliation, kpi, credit rating...', NULL, 'Negotiate', '2024-02-15', '2024-06-17', 1, 0, 1, 3, '2024-02-09'),
(4, 'Technology Research Specialist - Position Code CN04 (Quantity: 02)', NULL, 'Participate in research, identify new technologies, evaluate feasibility, impacts and propose the application of new technologies in IT activities at BIDV.\nOrganize and supervise the organization of research on new technologies in the IT field.\nResearch on IT knowledge management at BIDV.\nDevelop processes, regulations and policies on technology research and IT knowledge management.\nConduct research and update new technology trends in the IT field.\nConduct training on new technologies in the IT field.\nPerform other tasks as assigned.', '1. General standards: \n\nBe a Vietnamese citizen, have a permanent residence in Vietnam. Age not over 35 years old for Specialists, 45 years old for Team Leaders/Experts.\nBe in good health to undertake the work.\nHave good moral qualities, no criminal record; not being prosecuted for criminal liability, serving a prison sentence, suspended sentence, non-custodial reform, probation, being subject to local educational measures, being treated for illness, drug addiction treatment...\n2. Specific standards:\n\n2.1. Professional qualifications\n\nGraduated from university or higher, full-time (including university degree 2, not including university transfer) at domestic universities or graduated from university or higher at foreign universities, Affiliated University.\nMajor: Graduated from one of the following majors: Information Technology, Information Security, Computer Science, Software Engineering, Information Systems, Computer Engineering, Information Systems Management, Telecommunications Electronics, Communications Electronics, Mathematics - Information Technology or equivalent.\n2.2 Foreign languages: \n\nCandidates must have one of the following certificates: TOEIC 600/990, TOEFL PBT/IPT 500/677, TOEFL CBT 173/300, TOEFL iBT 61/120, IELTS 5.5/9.0, Cambridge Exam First (FCE), B2 European Framework, 4/6 6-level Foreign Language Proficiency Framework for Vietnam. Accept candidates to provide additional English certificates within 24 months from the date of recruitment.\n2.3. Knowledge, skills, experience:\n\nHave experience in researching at least one of the fields of Artificial Intelligence/Big Data/IoT, Cloud,...\nHave the ability to conduct in-depth research, quickly grasp new technology trends.\nHave the ability to program in one of the languages ​​(Python, Perl, Java, .Net, ...)\nHave the ability to use modern BI tools (Tableau, Power BI, ...)\nHave the ability to participate in giving opinions on building regulations, policies, procedures, and professional instructions.\nHave the ability to self-study to improve professional capacity.\nHave knowledge and understanding of IT and IT applications in banking operations.\nHave knowledge and understanding of systems, software solutions/IT ​​applications.\nHave problem-solving skills topic.\nHave skills in planning and writing proposal reports.\nPriority is given to those who have certificates or participated in training courses on: Artificial Intelligence/ Big Data/ IoT, Cloud,….', '13th month salary (Average 4-5 months of basic salary)\nEnjoy salary, bonus and incentive mechanisms according to agreement and regulations of Vietnam Joint Stock Commercial Bank for Investment and Development.\nAdditional income based on work results, job position and regulations of BIDV.\nSalary review twice a year\nProviding working equipment\nTravel - Vacation - Team building every year\nRegular health check-up\nWedding benefits, birthday money\nFull participation in insurance according to regulations\nAnnual leave according to State regulations\nWorking hours: Monday - Friday from 8:00 to 17:00', 'Round 1: Preliminary screening of documents\nRound 2: Interview (Business and English)', 2, 'From 1 year', NULL, 'Negotiable', '2024-03-07', '2024-06-08', 1, 0, 4, 1, '2024-03-05'),
(5, 'Business Analyst', NULL, 'Conduct surveys, collect requirements and work items from customers, evaluate feasibility and related impacts\nAnalyze requirements, model business processes, build business documents (Requirements Analysis, Technical Specifications), design prototypes (Mockups) for products\nGenerate design ideas using storyboards, process diagrams and sitemaps\nDesign user interfaces, such as menus, tabs and widgets\nManage product change requests\nReview and evaluate products before handing over to customers', 'Graduate from university majoring in Information Technology, Mathematics and Information Technology or equivalent.\nUnder 35 years old\nHave knowledge of IT: Software structure, system analysis and design, database\nProficient in skills: Planning, strategic positioning, negotiation, presentation, customer persuasion, communication and teamwork\nHave systematic analytical thinking, logical thinking, argumentation and critical thinking skills\nProactive, responsible, able to withstand high work pressure\nProficient in techniques such as: Market Analysis; Brainstorming; Backlog Management; Use Cases and Scenarios; User Stories; Business Rules Analysis\nKnowledge of software development process\nGood thinking, ability to research, evaluate and update new technology', 'MobiFone Information Technology Center\nWorking in a professional, stable environment\nHealth care with Insurance package with benefits up to $8000\nCompensation regimes, lunch allowances, internal subscriptions\nExperience diverse teambuilding, cultural, tourism, spring travel, summer vacations at home and abroad...\nRegularly attend a variety of training courses to help employees continuously develop themselves, improve their skills and professional expertise', 'Round 1: 1 round interview', 5, 'From 1 year', NULL, 'Negotiate', '2024-05-07', '2024-07-07', 1, 0, 5, 1, '2024-05-01'),
(6, 'DevOps Engineer (All Levels)', 'We are Stepmedia Software Viet Nam. We are looking for .NET Developer staff to join in our software project in Viet Nam.', 'In charge of the current scalable platform running on Infrastructure (AWS & GCP) serving customer partners.\nBuilding CI/CD automated integration deployment tools\nOptimizing the system to handle query issues affecting performance\nWriting modules to integrate other products into the service system\nMoving microservices to container-based infrastructure using Kubernetes\nResearching new techniques/technologies to improve the performance of the DevOps team.\nSetting up technical environments for the development team\nMonitoring and troubleshooting application or system issues.\nOperate and design systems to solve problems: Cloud (AWS & GCP), Kubernetes, CI/CD (Gitlab CI, octopus).', 'Love technology, willing to research and develop new technologies\nAbility to learn independently, as well as coordinate with the team\nMore than 1 year of experience working with AWS or OpenStack\nPrefer candidates:\n\nProficient in at least 01 programming language (Python, Java...)\nExperience in security and cybersecurity risks on cloud computing\nHave a university/graduate degree in IT and Telecommunication', 'Build solid foundation for IT career path through an accelerate 12-month development\nAcquire strong technical and soft skills\nWork in cutting edge technology projects\nBuddy with friendly colleagues and learn from senior experts\nDevelop a strong sense of business insight\nDevelopment journey come along with growing benefits\nReceive attractive benefits (meal allowance, 13th month salary, performance bonus, healthcare insurance,...)', 'Round 1: CV Screening\nRound 2: Face-to-face Interview with HR\nRound 3: Face-to-face Interview with Department Head', 0, 'Not required', NULL, 'Negotiate', '2024-04-07', '2024-07-07', 1, 0, 6, 3, '2024-03-12'),
(7, 'Software Quality Assurance Executive', NULL, 'We are looking for a QA who will join to IT Team, support and ensure the successful completion of analytical, building, testing and deployment tasks of our mobile products.\n\nDesign and execute test cases according to the specifications\nTest product on multiple platforms: Android, iOS, Web, API\nPerform different test methods, including integration tests, functional tests, system tests, acceptance tests, performance tests, and regression tests\nPrepare test data as required\nDevelop and maintain software documentation\nManage of overall UAT process over business teams to improve overall quality\nWork closely with BA and developer to ensure the quality of products.', '2+ years of experience in software testing\nHaving knowledge of software testing methodologies and practices\nExperience in Agile/Scrum\nExperience with Mobile App UI/UX and responsive Web Application\nDomain knowledge in Banking or Finance is a big advantage\nBasic knowledge about some Programming languages and Database SQL\nExperience with automation testing is a plus (Selenium, Jmeter, Locust.io, Postman, SoapUI)\nGood logical and analytical thinking\nGood problem-solving skills\nGood communication skills and interpersonal skills\nWHAT WE OFFER:\n\nMirae Asset Finance Company Vietnam aims to build a \"Professional - Friendly - Effective\" working environment. Our strategic objective is to provide a working place with attractive package, growth opportunity, and sustainable development.', 'Attractive packages with 13th salary year-end bonus and a week trip to Korea in order to recognize all your good performance and effort at MAFC.\n15 days annual leave.\nAnnual health check, company events.\nAnnual healthcare insurance package from senior level and above.\nYoung and proactive environment; no barriers, no limitation for new idea.\nFlexible internal career opportunity.', 'Round 1: Interview with HR & Hiring Manager (1 round only)', 1, 'From 2 years', NULL, 'Negotiate', '2024-03-17', '2024-05-18', 1, 0, 7, 1, '2024-03-13'),
(8, 'Senior Android Developer', NULL, 'We are looking for experienced Android Developers to join our high-powered experienced product team who follow agile development principles, and who value well-designed software, creative thinking, and thrive on solving the unsolvable.', 'Bachelor''s degree minimum\nAt least 5 years Prior Android development and Kotlin experience\nSolid understanding of the full mobile development\nGood data structure & algorithm background\nUnderstand at least one of these architectures: MVP, MVVM, Clean Architecture\nKnow some design patterns (singleton, factory, data repository...)\nFamiliar with new technology such as Jetpack libraries(Coroutines, Hilt, Room,…), Android Material 3, AndroidX,Android Architecture Component (LiveData, ViewModel), and so on.\nHave experience with Canvas drawing, TCP socket handling, location\nEnthusiasm for technology with a pulse on current trends and technologies in mobile application development\nFamiliarity with mobile applications and development, including the use of hardware such as accelerometers, cameras, and gyroscopes\nComfortable working as part of a cross-functional team and with code written by others, including bug fixing and refactoring legacy code\nProficient understanding of code versioning tools, such as Git\nTop-notch teamwork and excellent communication skills\nHighly Desirable Skills:\n\nExperience with complicated projects with multiple features is a plus\nExperience with and understanding of test-driven design and unit testing is a plus\nAgile/Scrum experience is a plus', 'Product company with global reputation specialized in end-point security\nVery attractive salary\nGlobal standard working environment\n100% salary during probation period\n13th month salary\nBirthday Bonus, New Year Bonus\nSocial Insurance, health insurance, unemployment insurance on total salary after probation period\nBao Viet Healthcare Insurance\nHealth Check\nTeam Building\nFlexible working hours\nTraining & development opportunities\nLaptop and PC for everyone', 'Round 1: 2 vòng (Phỏng vấn trực tiếp)', 4, 'From 5 years', '2000 VND', '1200 VND', '2024-02-27', '2024-05-28', 1, 0, 8, 1, '2024-02-14'),
(9, 'Dynamics 365 Support Technician (Open for freshers)', 'Are you passionate about helping others and have a deep understanding of Microsoft Dynamics 365? \n\nMicrosoft Dynamics 365 (D365) is a cloud-based suite of business applications that empowers organizations to streamline their operations, improve customer engagement, and make data-driven decisions. It includes modules for Sales, Customer Service, Field Service, Finance, Supply Chain Management, and more.\n\nWe''re seeking a talented Technical Support Engineer to join our growing team! In this role, you''ll leverage your expertise in Dynamics 365 to troubleshoot and resolve customer issues, ensuring a smooth and successful user experience.', 'Reviews issues and contacts customers to understand issues. Ensures customers stay informed as to the status/solution of their issue. Utilizes troubleshooting tools (e.g., event logs, and performance traces) to help resolve customer issues.\nResolves or escalates multiple and varied customer issues. Documents technical work and research.\nAnalyzes problems and develops solutions for customer needs using log analysis and other proprietary tools.\nCollaborates on cross-team and cross-product technical issues by working with resources from other groups as needed to resolve moderately complex customer issues.\nAttends readiness training and non-technical training to ensure that they become proficient in support topics. Product/Process Improvement\nProvides feedback to improve products to more senior engineers or technical advisors.\nIdentifies potential defects and escalates to more senior engineers to resolve.\nUses automated tools to deliver solutions for a wide range of issues. Provides feedback on how to improve automated tools.\nFollows processes provided by the business.\nAttends case triage meetings or case discussions to collaborate and share ideas to resolve problems.', 'Proficient in English (4 skills)\nAvailable to work night shifts (rotate between 9:00 PM and 9:00 AM, working 8 hours per shift, with a total of 5 shifts per week)\nFreshers are welcome with a good learning ability and working attitude\nExperience/Knowledge in IT industry skills is a must\nCustomer service mindset', 'Competitive salary depending on experience: starting from 20,000,000 VND GROSS\nSalary at 100% during the probationary period\nTraining will be offered\nFull working equipment will be provided\n90% contribution of the gross salary to social insurance\n12 days of annual leave, 8 days of sick leave\n30% allowance on gross salary + PVI insurance + 500,000 VND food allowance for employees working night shift\nAnnual Health Checkup', 'Round 1: Communication + English test\nRound 2: Technical test', 2, 'No Required', '900', '720', '2024-05-27', '2024-07-28', 1, 0, 9, 1, '2024-05-15'),
(10, 'Application Operator', 'Recruitment position: Application Operator\nDepartment: Information Technology Department\nNumber of vacancies: 02\nWorking place: Hanoi\nRecruitment period: 06/2024', 'Tasks:\n\nDeploy application and software projects at the company, member companies and branches.\nSupport software and application users to handle problems encountered during use.\nOperate software and applications to ensure that applications operate effectively and stably.\nParticipate in testing and acceptance of application software to ensure quality before deployment.\nParticipate in accessing business processes and application software systems. Consulting on processes and operations to ensure effective application.\nParticipate in training, document development and related knowledge of application software.\nPerform other tasks as assigned by Manager/Leader/Digital Transformation Board.', 'Age: Under 30\nGender: Male/Female\nProfessional qualifications: University degree or higher, priority given to majors in IT-Software, Management Information Systems, Applied Informatics, Mathematics and Information Technology.\nHave knowledge of one of the database management systems such as MySQL, SQL, Oracle...\nHave knowledge of ERP, HRM, E-Office systems...\nEnglish proficiency: reading and translating specialized English documents.\nExperience: at least 1 year of experience supporting software deployment and operation at businesses or software service enterprise.', 'Fixed salary: According to the company''s salary regulations + Other bonuses equivalent to 20-30%\nInsurance: social; health; unemployment; body\nHoliday and New Year regime; February 27; Hung King''s death anniversary; March 8; October 20; April 30 + May 1; September 2; Children''s Day, Mid-Autumn Festival, company''s TL day; Vacation, bonus for completing the plan..\nTraining to develop yourself domestically and internationally', 'Priority is given to online applications on the recruitment portal of topdev.vn', 2, 'From 1 year', '800 USD', '500 USD', '2024-04-17', '2024-07-19', 1, 0, 10, 1, '2024-04-16'),
(11, 'Content Marketing Staff Graphic Design', '- Support in developing plans and articles with content that is suitable and optimized for each communication channel of the company.\n\n- Create content for the Company''s Website, Facebook, PR, Adword, SEO and media publications.\n\n- Design graphics for communication and marketing needs, including but not limited to websites, online advertising, printed materials.\n\n- Work closely with the Marketing department to develop and implement effective communication campaigns.\n\n- Monitor and apply the latest design trends to ensure freshness and creativity in all works.\n\n- Manage projects related to web development and graphic design, including planning, implementation and progress monitoring.\n\n- Perform other professional tasks in the Marketing department as required by the department head.', 'No Requirements', '- Qualification: Graduated from high school, college, university ... priority is given to those majoring in marketing, journalism, graphic design or related fields.\n\n- Proficiency in design tools (Adobe Photoshop, Illustrator, InDesign)\n\n- Experience: Priority is given to candidates who know how to write Google or Facebook advertising templates, priority is given to candidates who know how to write SEO standard articles.\n\n- Ability to analyze and work independently.\n\n- Good writing skills, experience in writing PR articles.\n\n- Quick, honest\n\n- Able to work in a pressured environment\n\n- Good teamwork skills\n\n- High sense of responsibility for work', '- Enjoy all current benefits of the company and the state\n\n- Enjoy full social insurance benefits\n\n- Dynamic, professional and friendly working environment with competitive salary.\n\n- Many opportunities for professional training, technical training\n\n- Development and challenge opportunities\n\n- Opportunity to improve missing skills, high promotion opportunities.\n\n- Submit complete application according to current regulations (notarized). The company will not return the application in case of failure to pass the review round', 'None', 3, '1 year', 'Negotiate', NULL, '2024-08-07', '2024-10-07', 1, 0, 2, 1, '2024-07-18'),
(12, '[DI6] SENIOR FRONT-END DEVELOPER (REACTJS/REACT NATIVE/ANGULAR) - MSB -1Y562', 'This position is part of the Recruitment Program dedicated to MSB''s Major Innovation Projects. The ultimate goal of the Program is to find and create opportunities for experienced Technology Engineers to demonstrate their capabilities, thereby successfully implementing projects to digitize the bank''s processes and operations. These Major Innovation Projects are one of the main pillars for MSB to realize its ambition - Becoming a Bank with the best service quality on a modern digital platform.', 'Responsible for designing, maintaining and developing Web systems as required\nWork with the team to develop solutions when needed\nWork with designers and BAs on product UI/UX design\nEnsure that the interface meets graphic standards\nAgree with the Backend team on API and perform API integration\nParticipate in front-end code review', 'At least 3 years of frontend experience\nExperience using one of the CSS preprocessors such as SASS, LESS or Stylus.\nExperience working with Angular 9+, Typescript, RxJS, Angular Material, PrimeNG\nGood use of Angular core techniques such as component, directive, dependency injection\nAbility to optimize web application performance\nExperience building responsive web applications\nExperience working with Redux pattern, state management (NgRx, Akita, Ngxs, ...)\nExperience using data structure libraries (e.g., Immutable.js)\nExperience developing and integrating RESTful API, Web socket. Understanding of Microservice architecture.\nPriority is given to candidates who have deployed products to AWS\nPriority is given to candidates who are proficient in GIT\nKnowledge of Object Oriented Programming (OOP)\nPriority is given to candidates who have experience working in Agile/Scrum', 'Participate in mega projects with an investment capital of 2,000 billion VND, applying the latest technologies.\nLed by a team of highly skilled managers, fair evaluation. Opportunity to work directly with the world''s leading partners (AWS; BCG; IBM; Temenos...).\nMonthly salary depends on work ability: $1000 - $3000. Income package from 15 to 20 months salary/year with many attractive benefits (Esop, preferential loans, high-class health insurance..., project bonuses depending on job position).\nMany training programs to improve skills and professional capacity. Participate in the Next Generation Leadership program (Talent Pool) when having good performance for many years.\nWork in the \"Outstanding Digital Transformation Bank\" honored for 3 consecutive years by the Association of Banks and the International Data Group (IDG)\nClassy working office according to the advanced Agile model. Good facilities, working tools, powerful configuration.', 'Round 1: Application deadline is 11:00 p.m., May 23, 2024\nRound 2: Admission and placement deadline: May 31, 2024\nRound 3: Training period: June ~ November 2024', 4, 'From 3 years', 'Negotiable', NULL, '2024-08-01', '2024-11-11', 1, 0, 3, 2, '2024-07-19'),
(13, 'Software Engineer II, III (C#, .NET)', 'About Us\n\nMiTek is a platform innovator and enabler that exists to transform the building industry with better building solutions. In 1955, MiTek transformed residential construction with the invention of the Gang-Nail plate and a digital platform that provided an affordable and scalable way to manufacture wood trusses. Today, MiTek delivers software, services, engineered products, and automated solutions that enable the building industry to improve efficiencies by optimizing the balance between off-site and on-site. With nearly 5,600 team members worldwide, MiTek collaborates across the building industry to enable and accelerate transformational breakthroughs in design and construction to transform the way the industry designs, makes, and builds. As a Berkshire Hathaway (NYSE: BRK-A, NYSE: BRK-B) company since 2001, MiTek has a record of continuous growth and innovation. Learn more at www.mii.com.\n\nOverview\n\nAs a senior software engineer in our Homebuilder division you will be responsible for supporting and enhancing a web-based ERP system (Kova) used widely by construction companies in both the US and Canada.  Kova''s workflow-based approach allows organizations to implement key business processes from customer management, purchase orders, to accounting on a single unified platform.  Coupled with other Homebuilder technology, Kova enables a focused customer engagement effort, using innovation to facilitate key workflows, solve core business challenges, and streamline company operations.', 'Provide technical leadership for all phases of the software development life cycle\nLead, mentor, and coach junior developers\nCollaborate with teams responsible for requirements, development, and quality assurance to ensure solutions are efficient, consistent, and fulfill business needs\nCode, test, document, configure, and debug web solutions\nHelp drive CI/CD and unit testing strategies\nWork in an Agile software development environment', 'Required\n\nBachelor of Science degree in Computer Science or related field.  Equivalent work experience may be substituted for the degree requirement \n5+ years working with C# or other object-oriented, server-side language\nExperience developing RESTful web services (Web API, OData, SOAP, etc)\nKnowledge of client-side web frameworks (Angular, React, etc)\nUnderstanding of relational databases and SQL preferably Microsoft SQL Server\nKnowledge of Design Patterns\nExcellent problem-solving skills\nProficient in using English at work\nFull-time with flexible work schedule. Occasional after-hours customer support as needed.\nPreferred\n\nExperience working in cloud environments, Azure or AWS\nKnowledge of API-First design\nExperience designing, developing, and integrating with Partner APIs\nUnderstanding of Git workflows for commercial software\nExperience with ORM frameworks (Entity Framework, Dapper, LINQ to SQL)\nMobile development experience with Android and iOS', 'From Monday to Friday\nInternational Travel opportunities\n13th month and productivity bonus\nFree lunch, parking, uniforms\nYearly company trip\nHealthcare insurance package\n24/24 Personal Accident insurance\nFree English training programs (Cambridge English Scale) at office\nContinuing development of technical and soft skills through working and formal training\nTrade Union & Staff Social Club - Sport clubs (Yoga, Zumba, Swimming, Badminton, Football, Gym,...)\nGood working conditions and environment', 'None', 4, 'From 5 years', 'Negotiate', NULL, '2024-04-01', '2024-10-12', 1, 0, 1, 3, '2024-07-19'),
(14, 'Project Management Officer (PMO) – Position code NHS06 (quantity 06)', NULL, 'Support Project Manager (PM) in implementing project implementation procedures, project planning, project management, project documentation and reporting.\nPerform project administrative tasks such as organizing and arranging meeting schedules, recording working minutes, monitoring progress, supervising; urging relevant parties to follow the consensus and instructions at meetings...\nCoordinate the workflow of assigned projects and software development plans according to the plan and implementation roadmap.\nMonitor the progress and workload of software development plans, urge relevant parties to complete work on time.\nIdentify and control risks affecting project implementation.\nPerform summary reports on the implementation status of projects and software development plans.\nPerform other tasks as assigned.', 'Your skills & qualifications\n1. General standards:\n\nBe a Vietnamese citizen, have a permanent residence in Vietnam. Age not over 35 years old.\nBe in good health to undertake the job.\nHave good moral qualities, no criminal record; not being prosecuted for criminal liability, serving a prison sentence, suspended sentence, non-custodial reform, probation, being subject to local education measures, being treated for illness, drug addiction treatment, etc.\n2. Specific standards:\n\n2.1. Professional qualifications\n\nGraduate from university or higher, full-time (including university degree 2, not including university transfer) at domestic universities or graduate from university or higher at foreign universities, affiliated universities.\nMajor: Requires graduation from the following majors: Information Technology, Economics, Finance, Banking or related majors.\n2.2 Foreign language:\n\nCandidates must have one of the following certificates: TOEIC 600/990, TOEFL PBT/IPT 500/677, TOEFL CBT 173/300, TOEFL iBT 61/120, IELTS 5.5/9.0, Cambridge Exam First (FCE), B2 European Framework, 4/6 6-level Foreign Language Proficiency Framework. Applicants are accepted to provide additional English certificates within 24 months from the date of recruitment.\n2.3. Knowledge, skills, experience:\n\nExperience: At least 03 years of experience in the fields of finance, banking, IT or participating in coordinating IT projects.\nSkills:\nSynthesize information, analyze information\nWork independently and in a team\nPlan and manage work.\nHave good logical thinking, the ability to grasp problems quickly; Good problem-solving skills;\nProactive, able to work under high pressure;\nAbility to communicate and convey information.\nPriority criteria:\nExperience in coordinating and managing IT projects at commercial banks and financial institutions\nUnderstanding of software development processes.\nProfessional project management certificate.\nProficient in project management tools.', 'Competitive income, suitable for the candidate''s capacity and practical experience.\nBonus level will be based on BIDV''s performance, actual working time of staff at BIDV and individual emulation ranking by quarter/6 months/1 year.\nBIDV reviews and evaluates staff capacity to propose salary upgrades: periodically 2 times/year.\nInsurance: health insurance, health insurance, retirement insurance... according to BIDV''s policy.\nUnsecured loans, preferential loans for staff.\nAnnual travel - vacation - Team building.\nPeriodic health check-ups (basic and advanced packages) at leading hospitals in Hanoi.\nFuneral benefits, birthday money, annual uniform money.\nFully participate in social insurance according to the law; health insurance, life insurance according to BIDV''s welfare policy.\nAnnual leave according to the State''s regulations.\nWorking time: Monday - Friday; overtime paid according to regulations', 'Round 1: Application screening\nRound 2: Interview (Business and English)', 6, 'From 5 years', 'Negotiable', NULL, '2024-08-07', '2024-11-07', 1, 0, 4, 1, '2024-07-20'),
(15, 'Development of Mobile (iOS)', NULL, 'Design and build applications for IOS platform using Swift or Objective C\\n\" +\n                                \"Participate in analyzing and designing new features\\n\" +\n                                \"Participate in the process of developing new ideas and applications for IOS\\n\" +\n                                \"Support and fix errors after deployment', 'University degree in Information Technology, Mathematics or equivalent.\\n\" +\n                                \"Under 35 years old\\n\" +\n                                \"Have knowledge or experience in mobile native programming on IOS platform with at least 01 year of experience, priority given to those with experience in Flutter\\n\" +\n                                \"Proficient in xCode programming tool, and source code management tool (Git)\\n\" +\n                                \"Mastery of UI/UX, layout, animation in IOS, ability to customize & optimize interface\\n\" +\n                                \"Experience in developing and integrating RESTful API, Web socket. Proficient in using system libraries, experienced in using SDK/3rd party libraries\\n\" +\n                                \"Proficient in building & pushing apps to AppStore\\n\" +\n                                \"Understanding of Agile/Scrum', 'Income from 200 - 300 million/year\nWork in a professional, stable environment\nHealth care with Insurance package with benefits up to $8000\nCompensation regimes, lunch allowances, internal subscriptions\nExperience diverse teambuilding, cultural, tourism, spring travel, summer vacations at home and abroad...\nRegularly attend a variety of training courses to help employees continuously develop themselves, improve their skills and professional expertise', 'Round 1: 1 round interview', 2, 'From 1 year', 'Negotiate', NULL, '2024-09-13', '2024-12-13', 1, 0, 5, 1, '2024-08-20'),
(16, '.NET Developer', NULL, 'Develop and maintain web applications using ASP.NET, .NET Core, and related technologies.\nDevelop and maintain desktop applications using Windows Forms.\nDesign and implement SQL Server databases, including writing and optimizing SQL queries.\nParticipate in requirement analysis, software design, development, and testing processes.\nCollaborate closely with team members to ensure project quality and progress.\nTroubleshoot and resolve software issues, improve performance, and optimize code.\nPerform other tasks as requested by management.', 'At least 2-3 years of experience in application development with .NET Framework and .NET Core.\nProficiency in developing web applications with ASP.NET, ASP.NET MVC, and .NET Core.\nExperience in developing desktop applications with Windows Forms.\nSkilled in working with SQL Server databases, including design, implementation, and query optimization.\nKnowledge of HTML, CSS, JavaScript, and front-end frameworks such as Angular, React, or Vue.js is a plus.\nExperience with tools like Visual Studio, Git, Azure DevOps, or other CI/CD tools.\nStrong teamwork, effective communication, and time management skills.\nAnalytical thinking and quick problem-solving abilities.\nEagerness to learn and stay updated with new technologies.\nPreference will be given to candidates who can communicate in English.', 'Working hours: Monday to Friday.\nCompetitive salary with performance-based bonuses.\n13th-month salary and other performance bonuses, including project bonuses, business performance bonuses, and other individual and collective achievement bonuses.\nParticipation in FPTCare insurance for both the employee and their family members, including periodic health check-ups.\nOpportunities to participate in short-term or long-term overseas projects.\nDynamic and youthful working environment: Modern office, open and creative space, encouraging collaboration and idea exchange.\nContinuous development of both hard and soft skills through practical work experience and professional training courses.\nAccess to the latest technology trends.\nFlexible working policy: Support for remote work and flexible working hours, helping employees balance work and life.\nAnnual company trips/vacations.\n12 days of annual leave, 03 days of summer vacation, and holidays as per regulations.\nAnnual salary review.\nParticipation in exciting cultural activities and events of FPT IS and FPT Corporation.', 'Round 1: 1 round of Technical interview without test', 2, 'From 2 years', 'Negotiate', NULL, '2024-08-05', '2024-11-14', 1, 0, 6, 3, '2024-07-22'),
(17, 'Software Quality Assurance (SQA)', NULL, 'Create and execute manual test cases to validate software functionality.\nCollaborate with cross-functional teams to identify, prioritize, and report bugs and defects.\nStay up-to-date with the latest testing methodologies and tools.\nReview requirements, specifications, and technical design documents to provide meaningful feedback.\nParticipate in code reviews to ensure solutions are designed for testability and maintainability', 'Kỹ năng yêu cầu:\n\nBachelor''s degree in Computer Science or a related field.\n1-3 years of experience in software testing\nStrong analytical and problem-solving skills.\nExcellent written and verbal communication skills.\nĐiểm cộng:\n\nFamiliarity with agile software development methodologies\nExperience with crypto currency, web3 decentralized application or financial products (stocks, FOREX, etc.)\nHave basic knowledge of software development, database, automation script, etc.', 'Income: agreed (500-1500 USD), salary review after 6 months of official work.\nWork 40 hours/week (Monday - Friday: Morning 08:30 - 12:00; Afternoon: 13:00 - 17:30) Receive at least 13 months salary/year.\nBonus 5 holidays, birthday bonus Quarterly bonus and profit sharing Annual travel, health discovery.\nExtremely dynamic, youthful working environment, rapid development, many opportunities.\nRegular training and skill development.\nFree parking, free daily Teabreak snacks.', 'Round 1: Face-to-face interview with Tech Lead\nRound 2: Salary Deal', 3, 'From 1 year', '1500', '500', '2024-08-05', '2024-10-15', 1, 0, 7, 1, '2024-07-23'),
(18, 'Mid MTS (Mobile Trading System) Developer - Android/iOS', NULL, 'Develop Mobile Stock Trading app using JavaScript under the Kiwoom platform\nWork directly with remote team to clarify tasks and requirements\nDevelop new features based on the user requirements (analyzing requirements and system design)\nFix the reported problems/bugs of the system during the integration test, the user acceptance test, and the test for maintenance\nManaging time and resources based on the WBS\nCompile a weekly-report about the progress of tasks\nPerform self-learning about a domain knowledge, write a report and conduct a seminar about it\nWrite high-quality, clean, elegant, maintainable, and testable code\nMaintaining technical documents up-to-date\nMentor junior developers and conduct technical training when needed\nYou will have the chance to be involved with each stage of different projects, to various aspects of software engineering and fostering your career growth.', 'Skills Required\n\nMinimum 2-3 years of professional experience in mobile app development using JavaScript or iOS/Android native.\nExperience and knowledge in markup language, including HTML, CSS is a must.\nAbility to write clean, easy to understand code.\nSolid understanding of the full mobile development life cycle\nFamiliarity with version control systems, such as Git or SVN.\nFamiliarity with issues tracking tools, such as Redmine.\nStrong problem-solving and analytical skills.\nBachelor''s Degree in Computer Science/Information Technology or relevant fields.\nAble to communicate in English, written and spoken (processed by English interview).\nStrong communication skills and teamwork, international experience is preferred.\nExperience operating in an Agile environment, with a deep understanding of agile development principles.\nGive Reference\n\nOver 1 year of experience in developing securities solutions, including a smartphone-based trading platform utilizing the Mobile Trading System (MTS)\nProficient in utilizing the Mobile development Framework (Ionic, PhoneGap, React, Vue, Nexacro)\nExperience on working with oversea team.\nMission\n\nSupporting IT Development and Maintenance of the Stock Trading Platform developed based on the Kiwoom Framework for Kiwoom Indonesia, Finansia (in Thailand), and so on\nSPECIAL OFFER\n\nProviding training and education experience in Korea with Korean Finance/IT expert \nProviding opportunitites to work and support in IT/Finance fields overseas', 'Competitive salary, salary review once a year\n13th month salary and Annual Performance Bonus\nMVP and Shining star awards at the end of year\nGlobal and professional working environment\nFull SHUI as Vietnamese Law\nPremium Private Medical Insurance PVI and annual health check\n15-day annual leave, Christmas leave and 30-mins menstrual leave for women\nCompany trip, YEP and monthly gathering time\nGifts on special occasion and fully stocked snack corner\nSponsored training courses and book purchase quarterly\nBe well-equipped with new working equipment', 'Round 1: Interview with Tech Lead, CTO\nRound 2: Salary Negotiation', 2, 'From 2 years', '2000', '1000', '2024-08-02', '2024-11-16', 1, 1, 8, 1, '2024-07-18'),
(19, 'SECURITY INCIDENT ANALYST (SOC ANALYST) - INFORMATION SECURITY CENTER', NULL, '\"Monitor and collect information on cyber security threats (Threat Intelligence), conduct analysis and warnings to relevant Units, propose prevention and mitigation plans for information security risks;\\n\" +\n                                \"Receive, analyze, investigate, and handle events, warn about risks/threats of cyber attacks, information security incidents; promptly warn relevant Units when detecting information security incidents related to information systems;\\n\" +\n                                \"Participate in responding to information security incidents, prevent and minimize impacts and damage to information systems when incidents arise; analyze incidents, propose preventive measures to avoid incidents from recurring;\\n\" +\n                                \"Coordinate with information security incident handling and response teams throughout the investigation and response process;\\n\" +\n                                \"Participate in drills on attacks, defenses, and response to information security incidents; develop processes and scenarios for monitoring and handling information security incidents.\",\n ', 'For staff level: Graduated from College/University majoring in Information Technology, Information Security;\\n\" +\n                                \"For specialist level: Graduated from University majoring in IT or related majors, with 2 years of experience.\\n\" +\n                                \"Proficient in Windows, Linux operating systems (Kali/Redhat/Ubuntu), able to use programming languages, scripts such as shell/powershell, python...\\n\" +\n                                \"Have knowledge and understanding of web attacks, server system attacks, Network, Cloud, IT infrastructure;\\n\" +\n                                \"Have the ability to analyze system logs, chain events, digital forensics, analyze malware, reverse engineering (RE), read and understand source code;\\n\" +\n                                \"Good use of support tools in the process of malware analysis, incident investigation and response such as: IDA, OllyDBG, Sysinternals Suite, ...\\n\" +\n                                \"Understand and use product portals in the SOC ecosystem proficiently (SIEM, SOAR, EDR, Email Security, WAF, ...)\\n\" +\n                                \"Have knowledge and understanding of security standards and frameworks: NIST, OWASP, MITRE ATT&CK Framework...;\\n\" +\n                                \"Having information security certificates such as: OSCP, CTIA, ECSA, ECIH, CHFI, GDAT, GWAPT,... is an advantage.', 'Trained & worked with foreign experts; expanded scope of work through digital projects; directly worked and advised the Bank''s Board of Directors.\nEnsure competitive income in the labor market.\nClear career advancement/development roadmap, planning to become a Manager after 2 years.\nAttractive welfare mechanism, including: preferential loans for employees, year-end bonuses based on individual & collective business performance, vacation regime, insurance, annual health check-ups...etc.\nMonday - Friday (depending on the project, assignment of the Board of Directors and Covid epidemic situation)', NULL, 2, 'From 2 years', 'Negotiable', NULL, '2024-08-03', '2024-11-19', 1, 0, 9, 1, '2024-07-19'),
(20, 'Sr. AI Engineer - Remote/Hanoi/Saigon', 'Location\n\nHanoi/Saigon, Vietnam\nRemote\nSalary Expectation\n\nUp to 5K USD. Pay above the market + stock options as long as you are really good.', 'We are a product startup in Silicon Valley looking for exceptional full-stack developers in Vietnam, who will own/build/deploy our AI-based product. You will be working and mentored by successful startup founders, who have built and sold companies in Silicon Valley and have experience working in top technology companies such as Amazon and Facebook. You will own the critical product features that have direct customer impacts. This position is NOT for someone who is looking for a steady and well-defined job but for someone who has an entrepreneurial mentality, who can embrace changes, fast execution speed, and are eager to learn/explore advanced technologies.', 'Requirements\n\nMore than 5 years of experience in the industry.\nStrong experience in building AI products serving real customers (e.g. data processing, finetuning models, building chatbot).\nVery good at English (verbal and written)\nExperience with AI Stack: Python/LLM (OpenAI, Claude)/Lang Chain/Jupyter Notebook.\nPreferences\n\nYou are young and hungry. You love building kick-ass products so much that sometimes you forget that you are living on earth. You are willing to work really really hard regardless of time and get great reward for doing so.\nYou have built and deployed 1 or 2 serious AI products.\nYou have an entrepreneurial mentality. Always want to learn new things and explore new technology frontiers.\nYour friends found you boring because you are always talking about coding.\nYou admit your mistakes and learn fast to not repeat the same ones.', 'Stock options\nWork computer and equipments\nOn-site business trips to company HQ in the US\nHealth Insurance\nUnlimited time off', 'Round 1: Telephone screening\nRound 2: Technical Interviews', 2, 'From 5 years', 'Negotiable', NULL, '2024-08-02', '2024-11-22', 1, 0, 10, 1, '2024-07-20'),
(21, 'Graphic Designer ', NULL, '\"- Design store listing images for games (icons, screenshots, banners).\\n\" +\n                                \"- Design publications for the company''s marketing purposes.\\n\" +\n                                \"- Participate in the research and content creation process.\\n\" +\n                                \"- Research the market and competitors.\\n\" +\n                                \"- Coordinate with the Marketing team to optimize content performance/efficiency.\\u200B\\u200B\\u200B\\u200B\\u200B\\u200B\\u200B\",\n                        ', '- 6 months of experience in a similar position\nPriority is given to graduates from graphic design schools: Industrial Fine Arts, Architecture, FPT University, Arena Multimedia, FPT Arena, Monster Lab.\nHave knowledge and skills in layout, color, lighting.\nProficient in Photoshop, Illustrator.\nAttach Portfolio/Product Link when applying (having related products is an advantage).\nPriority: Able to use 3D', 'INCOME\n- Salary: Up to 18M\n- Receive 100% of fixed salary, salary increase according to company regulations\n- Lunch allowance for official employees: 1,000,000 VND/month\n- Income based on work results and performance\n\nDEVELOPMENT OPPORTUNITIES\n- Expand and improve professional knowledge and skills\n- Experience in real-life projects in progress\n- Have a clearly personalized career development roadmap\n\nWORKING ENVIRONMENT\n- Experience a dynamic and professional international environment\n- Enjoy 100% of daily life care benefits\n\nWELFARE POLICY\n- The company fully pays all types of insurance according to the law (social insurance, health insurance, unemployment insurance, etc.)\n- Get free periodic general health check-ups at the hospital: Hong Ngoc, Thu Cuc, Vinmec.\n- Wedding/funeral regime, holiday/Tet gifts and other welfare regimes.\n- Bonus for New Year, March 8, April 30-May 1, Mid-Autumn Festival, Mid-year, September 2, October 20, Christmas.\n- Continuous sharing of achievements, unlimited based on performance.\n- Administrative working hours:\n\nFrom Monday to Friday. Closed on Saturday and Sunday\nMorning: 8:30 - 12:00, Afternoon: 13:00 - 18:00, Mid-afternoon break 15:00 - 15:30', 'None', 3, 'less than 1 year experience', '900', '500', '2024-09-07', '2024-12-07', 1, 0, 2, 1, '2024-08-12'),
(22, 'Fullstack Developer (Node JS/ React JS) up to $3000', 'ShopStack is a technology company with offices in Vietnam and Thailand.  We assist companies across Southeast Asia with achieving their technology goals.  We are a team of technology experts, developers, and architects. problem solvers, designers, and managers working together to solve technology problems. \n\nWe work on exciting projects, have cool brands and have great clients. We are ambitious, hardworking, passionate, sincere, and striving to be the best.  We are committed to our staff and each other, building a great work environment, and culture, and creating opportunities for everyone to grow, develop, lead, and advance themselves. We have fun, we work hard, and best of all offer great benefits.  \n\nWe are looking for a Fullstack Developer (Node Js/ React JS) to join our growing team.  We offer great salaries, great people, and opportunities for advancement. We are looking for people with passion, willingness to work hard, and be leaders.', 'Develop innovative user-facing features with React.js.\nCreate new API functionalities utilizing Node.js.\nWork across web and mobile platforms, ensuring versatility and adaptability.\nConstruct and maintain reusable components for scalability.\nConvert designs and wireframes into high-quality code.\nEnhance component performance for an optimal user experience.\nExhibit initiative by proactively addressing issues and seeking solutions.', 'Solid experience: Must have at least 2 years with Backend End Development \nSolid experience with NodeJS\nExperience with designing application structures and architectures\nFamiliarity with AWS\nAs part of our job scope, English is a must and we welcome a candidate who can conduct conference calls with PMs and Clients without any support from other team members.\nReact JS experience is a plus \nE-commerce experience is a plus.', 'Salary: Up To 3000 USD Per Month\nExcellent and competitive salary packages\nExcellent healthcare\nProfessional, dynamic working environment\nGuaranteed permanent employment and career development.\nFlexible working hours with 40 hours per week (Monday - Friday)\n13-month salary bonus\n13 paid leave days per year\nFree Swimming Ticket at Hapulico Swimming Pool\nAnnual company trip', 'None', 4, 'From 2 years', '3.000 USD', '1.000 USD', '2024-09-11', '2024-12-11', 1, 0, 3, 2, '2024-08-21'),
(23, 'Senior Software Engineer (English required)', 'Years of experience: Min 4 years \nEducation and qualifications: Bachelor of Engineering (Computer, Software, Electronics or Communications) or Computer Science degree.', '1. Develop and deliver cloud applications\n\nDesign, develop, and deploy cloud-based applications using modern development frameworks and tools.\nWrite clean, maintainable, and efficient code following best practices and coding standards. \nEnsure cloud applications are designed for scalability, high availability, and optimal performance.\nImplement monitoring and alerting systems to proactively manage application performance and health.\n2. Refactor and improve existing solutions\n\nConduct thorough code reviews to identify areas of improvement in existing solutions.\nAnalyse current codebase for inefficiencies, bugs, and potential performance bottlenecks.\nImplement changes to optimize existing code for better performance, scalability, and maintainability.\nEnhance the functionality of existing solutions by incorporating new features and technologies.\nApply best practices in refactoring, ensuring code quality and consistency.\nUtilize automated testing and continuous integration tools to validate refactored code.', 'English Proficiency: Solid written and spoken English skills are paramount.\nCustomer Interaction: Ability to work with English-speaking customers from Australia and Eastern Europe.\nAdvanced knowledge of C# and .NET/.NET Core frameworks.\nDevelopment and delivery of RESTful and GraphQL APIs.\nProficiency in HTML, CSS, JavaScript, and modern frameworks (e.g., React, Angular, Vue). \nExpertise in profiling and optimizing application performance.\nAWS Expertise: Proficiency in AWS technologies, including EC2, RDS, S3, and Elastic Load Balancing.\nReal-time Trading Platforms: Experience in supporting real-time trading platforms running on highly optimized servers.\nPostgreSQL Expertise: Solid experience with PostgreSQL, preferably with exposure to AWS RDS and serverless Aurora.\nCI/CD: Proficiency in Continuous Integration and Continuous Deployment methodologies and tools.\nTeam Collaboration: Ability to work closely with cross-functional teams and stakeholders.\nProblem Solving: Strong troubleshooting and analytical skills.\n[Preferred] RUST commercial/business programming experience. Preferred Qualifications\n\nAWS Certification.\nPrevious experience in the financial and real-time trading industry.', 'Round 1: Technical Interview (Skills & Qualifications Test)\nRound 2: Culture Fit Interview', 'None', 2, 'From 4 years', '1.500 ', '2000', '2024-11-23', '2024-12-23', 1, 0, 1, 3, '2024-08-22'),
(24, 'Data Administration Specialist (DG) – Position code QTDL01 (quantity 02)', NULL, 'Data Governance:\nCoordinate the development and management of regulations, processes, and standards on data governance across the entire organization.\nMonitor, coordinate, and synthesize documents on metadata management and data quality management in data governance across the entire organization according to the assigned scope and data topics.\nProvide data governance consulting and support to stakeholders, provide advice on directions, standards, tools, and initiatives on Data Governance.\nMonitor and measure data governance performance (by scope and data topics): develop data governance criteria and reports, build and monitor data governance dashboards.\nHandle data issues according to scope and data topics.\nAdminister and operate data governance tools.\nParticipate in data privacy management:\nDevelop policies, regulations, and data protection procedures such as data encryption, data masking, data classification, and data loss prevention.\nMonitor, coordinate, and implement data protection, data classification, labeling, and data loss prevention activities; support units in the process of implementing data protection, data classification, and labeling procedures.\nMonitor, summarize violations in data loss prevention, investigate, and handle violations.\nParticipate in operational management of data classification, data labeling, and data loss prevention tools.', '1. General standards:\n\nBe a Vietnamese citizen, have a permanent residence in Vietnam. Age not over 35 years old.\n\nBe in good health to undertake the job.\n\nHave good moral qualities, no criminal record; not being prosecuted for criminal liability, serving a prison sentence, suspended sentence, non-custodial reform, probation, being subject to local education measures, being treated for illness, drug addiction treatment, etc.\n\n2. Specific standards:\n\n2.1. Professional qualifications\n\nGraduate from university or higher, full-time (including university degree 2, not including university transfer) at domestic universities or graduate from university or higher at foreign universities, affiliated universities.\n\nMajor: Requires graduation from the following majors: Economics, Business, Finance, Banking, Insurance, Administration - Management, Statistics or other suitable majors.\n\n2.2. Foreign language:\n\nCandidates must have one of the following certificates: TOEIC 600/990, TOEFL PBT/IPT 500/677, TOEFL CBT 173/300, TOEFL iBT 61/120, IELTS 5.5/9.0, Cambridge Exam First (FCE), B2 European Framework, 4/6 6-level Foreign Language Proficiency Framework. Applicants are accepted to provide additional English certificates within 24 months from the date of recruitment.\n2.3. Knowledge, skills, experience:\n\nHave at least 01 year of experience working in the fields of: Data Administration; Data quality management; Managing information systems in banking, finance, securities, insurance, etc.\nHave knowledge and experience in building, managing data quality, data standards (master data, metadata, data profiling...) of data domains in the banking sector such as customer data, products, finance...\nHave knowledge and experience in information security policies or data security, personal data protection.\nProficient in using at least 01 data management/data quality tool.\nHave knowledge and skills in database design and querying such as SQL, Oracle...\nPriority is given to those with certificates related to Data Governance, Data Quality, Data Management, Data Protection/Privacy.\nPriority is given to those with experience participating in and implementing data-related projects.', '13th month salary (Average 4-5 months of basic salary)\nEnjoy salary, bonus and incentive mechanisms according to agreement and regulations of Vietnam Joint Stock Commercial Bank for Investment and Development.\nGet additional income based on work results, job position and regulations of BIDV.\nSalary review twice a year\nWorking equipment provided\nAnnual travel - Vacation - Team building\nRegular health check-up\nWelcome benefits, birthday money\nFull participation in insurance according to regulations\nAnnual leave according to regulations of the State\nWorking time: Monday - Friday from 08:00 to 17:00', 'None', 2, 'From 1 year', 'Negotiable', NULL, '2024-09-25', '2024-12-25', 1, 0, 4, 1, '2024-08-25'),
(25, 'Development of PHP', NULL, 'Participate in developing the company''s projects\nDesign and build the system using PHP language with laravel framework\nBuild interfaces with vue, react, bootstrap, ...\nResearch and use new technology to support project development\nActively contribute experiences, ideas and best solutions for the project\nSupport, fix errors, optimize the system after deployment', 'University degree or higher, formal training system, major in Information Technology/Mathematics-Informatics or other related majors\nUnder 35 years old\nAt least 1 year of programming experience with PHP language\nProficient in programming with PHP language\nMastery of OOP programming, MVC model, design pattern\nExperience programming with frameworks: Laravel, symfony...\nGood knowledge of HTML/CSS, Javascript, Typescript, jquery\nMastery of Databases such as: MySQL, MariaDB...\nExperience working with Vue, React\nExperience deploying systems using Docker, Linux is an advantage.', 'Income from 200 - 300 million/year\nWork in a professional, stable environment\nHealth care with Insurance package with benefits up to $8000\nCompensation regimes, lunch allowances, internal subscriptions\nExperience diverse teambuilding, cultural, tourism, spring travel, summer vacations at home and abroad...\nRegularly attend a variety of training courses to help employees continuously develop themselves, improve their skills and professional expertise', 'Round 1: 1 round interview', 2, 'From 1 year', 'Negotiate', NULL, '2024-09-13', '2024-12-13', 1, 0, 5, 1, '2024-08-20'),
(26, 'Full-stack (NodeJs, ReactJs, .Net, Mobile)', 'We''re currently looking for talented individuals skilled in various technologies: Full-stack (NodeJs, ReactJs, .Net, Mobile)\n\nJoin our team to work on international projects and contribute to our global outreach and innovation efforts.', 'As a Software Engineer (Full-stack), you will create impact by:\n\nDeveloping and implementing software applications based on specifications\nWriting functional, clean, scalable code, and code refactoring good practice\nCreating and testing of software prototypes\nAnalyzing and troubleshooting any issues by developing scripts and database queries\nCollaborating with the deployment team on continuous integration\nSupporting the operations team for potential post-implementation issues\nParticipating in scrum meetings, providing necessary feedback\nContributing to the entire phase of the development lifecycle', 'Experience: Full-stack (NodeJs, ReactJs, .Net, Mobile)\n\nGeneral Expectations of a Software Engineer: \n\nGood knowledge of problem-solving, algorithms, and data structures\nKnowledge of data and network, relevant securities, and best practices\nKnowledge of CI/CD and automated software testing methodologies\nGood knowledge of AWS / Azure cloud services (having certifications will be an advantage)\nAble to contribute effectively in a fast-paced, deadline-driven, and agile environment\nGood English communication is an advantage\nGood knowledge of the following frameworks one of stacks: NodeJs, ReactJs, .Net, Mobile.\nAt least 1 year of experience.', 'Working time: 9.00 am to 6.00 pm, Monday to Friday\nHybrid mode, no need to come to the office everyday. In Hanoi, Danang: remote\nCompany trip / Year-end party / Quarterly team building / Weekly happy hour\nCompetitive Net salary (The company is responsible for paying taxes, insurance)\nNice and friendly working environment. Kind bosses\nMacBook Pro + 24\" monitor provided\nAnnual health-check\nPremium health insurance\n13th month bonus\nFree snacks and juice. No worries if you feel hungry or thirsty', 'None', 2, 'From 1 year', 'Negotiate', NULL, '2024-09-15', '2024-12-15', 1, 0, 6, 3, '2024-08-15'),
(27, 'Senior Software QA Automation Engineer', 'The Senior Software QA Automation Engineer will be responsible for ensuring the quality and reliability of our software products through the development and execution of automated test scripts. \nThis role involves working closely with development and QA teams to create a seamless and efficient testing process \nThe successful candidate will bring a high level of expertise in automation testing to drive improvements in our QA practices and mentor junior team members.', 'Design, develop, and maintain automated test scripts using Selenium and Java.\nCreate and execute automated regression tests, functional tests, and performance tests.\nCollaborate with development and QA teams to identify and prioritize test cases for automation.\nIntegrate automated tests into the CI/CD pipeline to ensure continuous testing and delivery.\nAnalyze test results, identify issues, and work with development teams to resolve defects.\nMentor and guide junior QA engineers in automation best practices and strategies.\nParticipate in code reviews and provide constructive feedback to ensure high-quality code standards.\nContinuously improve and update testing frameworks and tools to enhance testing efficiency.\nStay up-to-date with industry best practices and emerging technologies in QA automation.\nAssign tasks for junior team members', 'Skills \n\nProficiency in Selenium and Java Core.\nHands-on experience with CI/CD tools such as Jenkins, GitLab CI, or similar.\nStrong understanding of software development lifecycle (SDLC) and QA methodologies.\nGood problem-solving skills and attention to detail.\nStrong communication and teamwork skills.\nAbility to mentor and guide junior team members.\nKnowledge of additional testing frameworks and tools is an advantage.\nFluency in English\nLeadership experience, including leading or managing a team of testers is a plus.\nQualifications:\n\nBachelor''s degree in computer science, Engineering, or a related field.\nProven experience as a QA Automation Engineer, with at least 4 years in automation testing.\nExtensive experience with Selenium, Java Core and API testing.\nDemonstrated experience with CI/CD processes and tools.\nSolid understanding of QA methodologies, testing types, and testing tools.\nCertification in QA or related fields is a plus.\nGood time-management skill, able to multi-task and pay attention to details as well as a fast learner', 'Competitive Salary\n13th Month Salary & Performance Bonus\nEmployee of the Year Award\nIn-house & Overseas Training\nFull reimbursement for international Technical Certification\nGlobal career opportunity\nVacation Leave: 12 days per year\nMedical Leave: 8 days per year\n1 extra seniority day for every 3 years of service\nAnnual Routine Check-up\nPremium healthcare insurance\nComprehensive Insurance\nAnnual company trip for team building\nSoccer & Badminton Club and Sports activities\nEntertainment activities: Music band, Karaoke & Play-station time\nCelebrations special events: Birthdays, Christmas, New Year/Year-end Party.\nFruit days twice a month. Unlimited snacks & beverages\nUnlimited snacks & beverages', 'Round 1: Technical Interview\nRound 2: Culture Fit Interview', 6, 'From 4 years', '2300', '1000', '2024-09-16', '2024-12-16', 1, 0, 7, 1, '2024-08-16'),
(28, 'Senior Android Developer (Kotlin)', 'Why join us?\n\nHybrid working mode\nBe part of a transformational journey that''s redefining the banking landscape, driving innovation that impacts millions of users'' financial well-being.\nWork in a vibrant, inclusive, and diverse environment that values your unique perspective.\nCollaborate with top-tier professionals, learning and growing alongside the best in the industry.\nCompetitive compensation package, including benefits that support your well-being and professional development.\nPosition: Senior Android Developer (Kotlin)\n\nNumber of hiring: 3', 'We are seeking a skilled and passionate Android Developer (Kotlin) to join our dynamic development team. As an Android Developer, you will be responsible for designing, developing, and maintaining high-quality mobile applications for the Android platform. You will collaborate with cross-functional teams to deliver innovative and user-friendly mobile solutions that meet our clients'' needs. The ideal candidate has a strong technical background, a creative mindset, and a passion for mobile application development.\n\nWhat will you do?\n\nCollaborate with product managers, designers, and other developers to define project requirements and develop innovative mobile applications for the Android platform.\nDesign and implement efficient, reusable, and reliable code following best practices and coding standards.\nConduct thorough testing and debugging of applications to ensure optimal performance and user experience.\nContinuously research and evaluate new technologies, frameworks, and libraries to enhance the development process and improve application performance.\nCollaborate with the backend development team to integrate mobile applications with server-side systems.\nOptimize application performance, responsiveness, and battery usage.\nParticipate in code reviews to maintain code quality and ensure adherence to coding standards.\nStay up to date with the latest industry trends and best practices in mobile application development.\nProvide technical guidance and support to junior developers when needed.\nDocument the development process, technical specifications, and troubleshooting steps.', 'What we expect from you:\n\n1. Technical Background:\n\nBachelor''s degree in computer science, Software Engineering, or a related field\nProven experience as an Android Developer at least 5 years, with a strong portfolio of mobile applications developed and deployed on the Google Play Store.\nProficient in Kotlin programming languages.\nStrong experience in mobile application architecture (MVVM preferred)\nHands on experience in Unit Test\nSolid understanding of the Android SDK, Android Studio, and related development tools.\nExperience working with RESTful APIs, JSON, and web services integration.\nKnowledge of the full mobile development life cycle, including design, development, testing, and deployment.\n2. Soft skills:\n\nVery good communication in English with ability to explain technical problem in a logical and structural way.\nExcellent communication and interpersonal skills, with the ability to effectively communicate technical concepts to both technical and non-technical stakeholders.\nStrong problem-solving skills and ability to work effectively in a fast-paced, collaborative environment.\nSelf-motivated and eager to learn new technologies and frameworks.\n3. Preferred Qualifications:\n\nFamiliarity with Agile/Scrum development methodologies.\nKnowledge of UI/UX principles and best practices for mobile application design.\nExperience with performance profiling and optimization techniques.\nPublished open-source contributions or personal projects related to mobile application development.\nPrefer banking domain experience\n*** We appreciate your interest and application to HCLTech Vietnam; however, due to large number of profiles, only suitable resumes will be contacted by HCL''s recruiter within 15 days ***', 'Attractive package including base salary + 13th month salary + Performance Bonus\nInsurance based on full base salary\nMedical Benefit (Bao Viet Insurance Package) for Employee and Family\n100% of full salary and benefits as an official employee from the 1st day of working\n100% salary during probation time\nWorking in a fast paced, flexible, and multinational working environment with opportunity to travel onsite (in 60 countries)\nInternal Training (Technical & Functional & English)\nWorking with outstanding colleagues coming from top universities and top companies in Vietnam and foreign countries\nFriendly environment with flexible working hours, hybrid mode', 'None', 2, 'From 5 years', 'Negotiable', NULL, '2024-09-10', '2024-12-10', 1, 1, 8, 1, '2024-08-10'),
(29, 'DATA STEWARD', 'Position Overview: \n\nThe Data Steward is pivotal in our Data Management team. He or she is responsible for ensuring that master data is understood, used, and shared effectively and meets the highest quality and integrity standards. This position operates cross-domain, overseeing dependencies and collaborating closely with various stakeholders to solve data issues and improve data quality. It is a key player in our data management strategy.\n\nHe or she will also need to support orchestrating global and regional programs in the Operating Companies.', 'Responsibility Summary:\n\nEnsure integrity of high-quality data in the OpCo in order to drive accurate analysis, business insights and data-driven decision making; ensure data is understood, used and shared effectively.\nSupports the Data Owner and SME with executing all tasks needed for realization, documentation, maintenance and continuous improvement of the data assets.\nThe first point of contact when there is a data quality issue and support resolutions by involving the right individuals (SMEs) and the Data Owner where required.\nResponsible for identifying the data assets needed to meet business objective.\n\nCollaborate with Data Requestors, Owners, and Global Data Services to solve data issues.\nReview metrics and initiate actions to improve data quality.\nConduct root cause analysis for data-related issues and impact analysis.\nImplement and maintain Data Standards, Governance, processes, and documentation.\nConduct regular Data Quality Assessments.\nAdvocate for the effective application and usage of Master Data.\nIdentify opportunities for improvement and actively champion data management projects and initiatives.\nCollaborate and support Regional and Operating Companies'' projects (D&T, Analytics, Functions).\n', 'Education & Experience:\n\nHigh school diploma or equivalent; further data management or IT education.\nExperience in data management (3+ years) and familiarity with Service Request tools (e.g., Nextgen, ServiceNow).\nProficient in MS Office and fluent in English.\nKnowledge of ERP systems like SAP or JDE is required.\nUnderstanding the FMCG industry and business domains such as Commerce, Supply Chain, and Finance is beneficial.\nProfile:\n\nStrong commitment to Data Quality and Management.\nSolid understanding of data structures, data flows, and data processes.\nProven ability to establish credibility and build relationships across business and IT functions.\nDemonstrated ability to engage stakeholders and drive participation in data management projects.\nTrack record of achieving goals and delivering on objectives.\nStrict adherence to data governance policies and procedures.\nAnalytical, detail-oriented, communicates well, takes initiative, and solves problems effectively.\nAgile Mindset:\n\nEmbrace customer value, team empowerment, swift action, and continuous learning principles.\nDisplay self-reflection, adaptability, collaboration, and resilience.\nDrive personal and team development through awareness of strengths and weaknesses.\nLanguage: Excellent written and verbal English\n\nFunctional Competencies:\n\nMaster Data Management: Skilled in maintaining accurate Master Data records.\nData Accuracy: Ensures precise data capture and validation.\nMDM Platform Skills: Proficient in handling data requests on MDM platforms.\nCollaboration: Works effectively with stakeholders for data verification.\nQuality Control: Monitors and audits data to rectify discrepancies.\nProcess Improvement: Contributes to refining data management workflows.\nCompliance: Adheres to data governance, security, and privacy standards.', 'Competitive Salary: Negotiated based on individual capabilities.\nPerformance bonuses and a 13th-month salary bonus.\nBao Viet insurance for employees and their dependents (spouse/children).\n18 days of annual leave.\n80% of lunch costs covered at the company canteen.\nHoliday gifts and sponsorship for travel expenses to return home for Tet.\nWorking hours: Monday to Friday (Morning 8:00 AM - 12:00 PM, Afternoon 1:00 PM - 5:00 PM)\nHybrid working model.', 'Round 1: Screening by phone -> 1st interview with LM: Overview\nRound 2: 2nd interview with LM: Case study\nRound 3: Final interview with D&T Director & People Business Partner', 3, 'From 2 years', 'Negotiable', NULL, '2024-09-21', '2024-12-21', 1, 0, 9, 1, '2024-08-21');

INSERT INTO jobs (id, title, description, reponsibility, skill_required, benefit, interview_steps, amount, experience_required, salary_max, salary_min, start_date, end_date, is_active, gender, company_id, job_type_id, created_at) VALUES
(30, 'AI Engineer', NULL, 
'Your role & responsibilities\nResearch and develop text-to-design & text-to-image AI product\nDevelop and maintain generative AI products\nAnalyze business requirements and propose AI technology\nDevelop models / PoC and verify the solution\nDesign, plan, and execute tasks related to the project', 
'Required skills\n\nAt least 2 years of experience with AI development\nExperience with Generative AI, NLP\nExperience with LLM and prompt engineering\nAbility to build web demos / PoC\nGood knowledge of Statistics and Analytics\nGood self-research, problem-solving, and presentation skills\nCommit to high-quality work results\nInterests in a production environment\nNice-to-have\n\nExperience with LLM services\nExperience with Amazon Web Services\nExperience with production environment\nExperience with cost management and optimization\nExperience with SOTA architectures in generative AI\nExperience with performance profiling and optimization\nExperience with system design and implementation using emerging technology\nWilling to take part in different positions during the product life cycle (AI Engineer, Cloud Engineer, Product Development, Cost Management, etc.)\nEducation Level\n\nBachelor / Engineer Degree', 
'Yearly bonus\nYearly company trip\nMonthly team building events\nMonthly internal technical seminar (Osaka - Hanoi - Da Nang)\nWork-from-home on Wednesday\nSocial insurance based on full income\niMac and smart desk\nFor Osaka Office positions: House rental support ; Commuting expenses support ; Japanese class', 
'Round 1: Interview with team leader\nRound 2: Interview with CTO\nRound 3: Interview with Director', 
2, 'From 1 year', '2000', '5000', '2024-09-09', '2024-12-09', TRUE, 0, 10, 1, '2024-08-09'),

(31, 'Software Engineer(Senior/ Leader Software Engineer)', NULL, 
'Programming assigned functions according to detailed solution documents\nPerform coding according to solution documents\nCan solve technical problems for lower level devs.\nWrite and perform unit tests.\nOptimize program performance\nPerform upcoding of upgrade requests according to available processes and scenarios.\nPerform troubleshooting tasks discovered during development and deployment\nFind the cause of errors in other members, fix errors during deployment and software development.\nUnderstand and analyze the logic of code segments according to the project''s business', 
'Graduated from a university with a good degree or higher in the fields of Information Technology, Electronics and Telecommunications, Computer Science, Applied Mathematics or other related technical fields\nHave at least 3 years of experience working as a programmer; experience in team management.\nHave the ability to read and understand English documents. Priority is given to those with TOEIC, TOEFL or IELTS certificates equivalent to TOEIC scores of 650 points or higher.\nProficiency in Java programming languages... (according to specific job requirements)\nAdvanced knowledge of object-oriented programming: object-oriented class design, understanding the principles of object-oriented programming\nDetailed understanding of structured data types (eg string, record, object collection)\nUnderstanding of multi-language processing (localisation)\nUnderstanding of basic I/O processing\nUnderstanding of database-related operations such as query/change (commit/abort)\nAbility to program Multithreading, concurrency handling, Connection pooling\nAbility to use log analysis tools to find the cause of errors.', 
'Attractive income.\nLunch allowance: 730,000 VND/month. Phone: 200,000 VND/month.\nQuarterly and annual bonuses; gifts on holidays, Tet, and the Group''s founding day; annual vacation cost support...\nEnjoy Social Insurance and Health Insurance according to the Labor Law and the Group''s regulations\nHealth insurance (Pay 100% of actual costs incurred within the scope of insurance, not exceeding the insurance limit)\nProfessional, creative, competitive, developing, dynamic environment with many opportunities for advancement.\nOpportunities to study, research, and work domestically and internationally.', 
'Round 1: IQ and TOEIC Test (if required)\nRound 2: Functional interview', 
3, 'From 3 years', NULL, 'Negotiate', '2024-03-15', '2024-07-17', TRUE, 0, 1, 3, '2024-02-29'),

(32, 'Senior .NET Developer (French speaking)', 
'As a Senior .NET Developer, you will play a key role in every phase of the software development process, from initial concept to final deployment. You will work closely with fellow developers, business analysts, and technical leads to understand project requirements and deliver effective technical solutions. Additionally, you will mentor junior developers, offering guidance on best practices and coding standards.', 
'Design, develop, and maintain high-performing software applications using the .NET framework.\nCollaborate with business stakeholders and technical teams to gather requirements and outline project scope.\nEngage in all stages of the software development lifecycle, including requirement analysis, design, coding, testing, and deployment.\nWrite clean, maintainable, and reusable code that adheres to industry best practices and coding standards.', 
'Essential Skills:\n\nStrong understanding of Object-Oriented Programming (OOP).\nOver 5 years of experience with C#, .NET, ASP.NET Core, Web API, Entity Framework Core, Azure SQL, and CosmoDB.\nFamiliarity with N-tier and Microservices architectures, database design, transaction processing, distributed systems, dependency injection, Test-Driven Development (TDD), Behavior-Driven Development (BDD), xUnit, and SpecFlow.\nProficient in cloud technologies, such as Azure and AWS.\nExperience working in Agile Software Development environments, specifically using the Scrum framework.\nKnowledgeable in Azure/AWS DevOps practices, including Continuous Integration/Continuous Deployment (CI/CD).\nProficient in GIT for source code management.\nStrong understanding of security and performance optimization.\nAbility to write clean, maintainable code and refactor when necessary.\nLanguage Requirement: French (at least B1 level)\nAdditional Skills:\n\nExperience in developing workflows.\nFamiliarity with Clean Architecture principles.\nHands-on experience with any JavaScript front-end framework, such as Angular, React, or Vue.\nStrong understanding of containerization.\nSoft Skills:\n\nExcellent problem-solving abilities.\nProactive with strong self-learning and research capabilities.\nEffective spoken French, particularly in video conferences and face-to-face interactions.', 
'Attractive compensation package, including a 13th-month salary.\nComprehensive social insurance in accordance with legal requirements.\nHealth insurance coverage extended to three family members.\nSpecial holiday and Tet gifts ad annual company retreat.\nOpportunity to work on international projects in a professional and dynamic environment.\nGain valuable experience by working on diverse projects with cutting-edge technologies and talented professionals.\nAccess to training opportunities, including technical seminars and soft skills workshops.\nExcellent prospects for career advancement through a regular performance review system.', 
'Round 1: 1 round offline interview', 
2, 'From 5 years', NULL, 'Negotiate', '2024-04-15', '2024-06-17', TRUE, 0, 1, 3, '2024-03-29'),

(33, 'Application Operations Specialist', NULL, 
'Operate managed systems: daily monitoring to ensure continuous and stable operation of the system, troubleshoot when problems occur, evaluate/propose (or coordinate with suppliers) optimal solutions for the system.\nDirectly participate in the process of building, deploying, upgrading the system with partners/contractors (inside & outside the company)\nConduct backup and data recovery according to the regulations of each software.\nParticipate in Onsite support for newly opened facilities.\nSupport users at level 1, 2\nParticipate in coordination with P&Ls to solve operational issues (security scanning, account review, etc.)\nSupport projects during the development process such as deploying new features or customizing existing basic functions.\nParticipate in internal/system training on deployment and operation', 
'Graduated from universities specializing in information technology\nExperienced in functional testing, performance testing, service continuity testing. Priority is given to candidates who have worked as administrators and system operators for companies\nExperience in operating database systems (MySQL, MS SQL), operating applications of enterprise management systems such as Budget Management, Data Analysis & Reporting (PowerBI), file management systems (eg Microsoft SharePoint), RPA, CRM (Salesforce Service Cloud) ...\nExperience in programming full stack software with technologies: Java, .NET core and VueJS\nExperience in managing systems related to Windows Server, Linux\nExperience in deploying landing pages on CMS technology including WordPress/ Drupal\nUnderstanding of cloud computing services such as Azure/GCP/AWS\nUnderstanding of IT risk management, deploying new facilities & supporting users\nAbility to work independently or in a team\nPriority is given to candidates with English proficiency, reading and understanding specialized documents', 
'Competitive and attractive\nEnjoy full benefits: social insurance, health insurance, unemployment insurance\nReceive support for meals, holiday bonuses\nRegular health check-ups, annual team building\nEnjoy incentives when using high-end services of Vingroup\nProfessional training environment, many career development opportunities\nSign an official labor contract after the probationary period as prescribed.', 
'Round 1: 01 round only (direct/online)', 
0, 'Round 1: Phone Interview with Recruitment Team\nRound 2: Face-to-face Interview with Tech Lead\nRound 3: Negotiation', NULL, 'Negotiate', '2024-05-15', '2024-07-17', TRUE, 0, 1, 3, '2024-04-29'),

(34, 'FULLSTACK ENGINEER (.Net 6, React, TypeScript)', 
'ABOUT THE TEAM \n\nWellbarrier – A SLB Technology, the largest energy services company in the world.\n\nWellbarrier is a very well-known product in the energy industry, which has been used by almost the largest oil & gas companies from 67 countries around the world.\n\nWe provide the energy industry with unique web solutions for a sustainable future, using the most recent technology like .NET 6, ASP.NET Core, TypeScript, React, Nodejs, multi-tenant\n\nThe solutions we deliver aim to satisfy the needs that no one else has seen, and we are good at it because we think differently. We are a proactive team that takes the initiative to deliver smart solutions and actively takes part in all areas of development. We, as a team, take more than one step outside the box to discover new ways and take advantage of technology to reach the outcome we want.\n\nOur success comes from mutual respect, we make the best choices by exploring many ways to reach the same goal. The management knows the best solutions appear when the team can perform their excellence. Our customers around the world call us.', 
'Work and collaborate in an Agile environment with experienced and skilled colleagues in Vietnam and Europe.\nParticipate in the entire software development life cycle of the Agile team (requirement analysis, planning, architectural design, documentation, implementation, code review, unit test…)\nBuild Web Applications using .NET 6, TypeScript, React, Nodejs.\nBuild RESTful API to connect with the integrated ecosystem.\nBuild SDK/libraries to share with other parties.\nResearch new technologies, techniques, and standards to improve the productivity of the dev team.\nParticipate in mentoring & code reviews.\nPlan and organize your own work and accurately report issues and progress in a timely manner.', 
'PERSONAL TRAITS \n\nYou find motivation in opportunities, are constantly curious, and seek to learn new things.\nYou take initiative and have pride in your work.\nTo see the big picture is important to you, and never settle without understanding the purpose.\nAs a teammate, you contribute to the team''s success and enjoy when a co-worker succeeds.\nYou have an extra-strong desire for some of your professional areas and skills.\nYou want to be a part of an Agile team, working with innovative products and technologies.\nA POTENTIAL CANDIDATE WILL HAVE\n\nMUST HAVE:\n\nAt least 4 years of working experience in web development using .NET/. NET core.\nProficient with React, TypeScript.\nStrong experience with Restful API.\nFamiliar with MS SQL/Azure SQL / Entity framework.\nStrong at software design SOLID, Design Patterns, etc.\nGood at technical problem-solving & logical thinking.\nSelf-organizational, flexible, supportive, and multitasking.\nContinuous learning attitude and growth mindset.\nConfident with communication in English.\nGood to have:\n\nExperienced with NodeJS.\nExperienced with Integrated solutions, Docker, and Kubernetes.\nExperienced with Agile/Scrum team.\nPerformance Optimization, Software Security, and UI/UX.\nUnit test/ /CI/CD.\nExperienced in European company.', 
'13th-month salary bonus provided to all staff members.\nComprehensive healthcare insurance package for you and your dependents.\nAnnual health check-up included.\n12 days of annual leave per year, with the opportunity for 1 additional day per year, up to a maximum of 18 days. Additionally, 3 special Restaff holidays are granted on December 24th, 25th, and 26th.\nHybrid working model allowing for 1 day per week of remote work.\nEnglish-speaking working environment.\nOverseas business trip opportunities available.\nSponsorship and encouragement for staff members to pursue further education through coverage of tuition fees and examination costs.\nProduct-oriented approach with an agile project management style, offering a dynamic work environment and the chance to gain expertise in the latest technologies.\nRegular gathering parties and team-building activities.\nComplimentary coffee (including cappuccino, cafe latte, latte macchiato, etc.), milk, and juice.\nWorking hours from 9 am to 6 pm, Monday to Friday, with a one-hour lunch break and a thirty-minute break in the afternoon.\nAnnual Performance Appraisal opportunities\nAnd much more!', 
'Round 1: Team Interview (1 round only)', 
0, 'From 4 years', NULL, 'Negotiate', '2024-01-15', '2024-07-27', TRUE, 0, 1, 3, '2024-01-09'),

(35, 'Principal Software Engineer (English required)', 
'Years of experience: Min 7 years \nEducation and qualifications: Bachelor of Engineering (Computer, Software, Electronics or Communications) or Computer Science degree.', 
'1. Platform architecture ownership\n\nDevelop and communicate a clear architectural vision and strategy for the platform.\nAlign platform architecture with the company overall business goals and technology strategy.\nLead the design and development of the platform architecture, ensuring scalability, performance, and security.\nCommunicate architectural decisions and roadmaps to stakeholders at various levels within the organization.\n2. Develop and deliver cloud applications\n\nDesign, develop, and deploy cloud-based applications using modern development frameworks and tools.\nWrite clean, maintainable, and efficient code following best practices and coding standards. \nEnsure cloud applications are designed for scalability, high availability, and optimal performance.\nImplement monitoring and alerting systems to proactively manage application performance and health.\n3. Refactor and improve existing solutions\n\nConduct thorough code reviews to identify areas of improvement in existing solutions.\nAnalyse current codebase for inefficiencies, bugs, and potential performance bottlenecks.\nImplement changes to optimize existing code for better performance, scalability, and maintainability.\nEnhance the functionality of existing solutions by incorporating new features and technologies.\nApply best practices in refactoring, ensuring code quality and consistency.\nUtilize automated testing and continuous integration tools to validate refactored code.\n4. Mentor other team members\n\nUtilize automated testing and continuous integration tools to validate refactored code.\nProvide Technical Guidance: Offer expertise and knowledge to team members to help solve complex technical issues and enhance their understanding of software development practices.\nConduct Code Reviews: Review code submissions from junior developers, providing constructive feedback to improve code quality, performance, and adherence to coding standards.', 
'English Proficiency: Solid written and spoken English skills are paramount.\nCustomer Interaction: Ability to work with English-speaking customers from Australia and Eastern Europe.\nAdvanced knowledge of C# and .NET/.NET Core frameworks.\nDesign and implementation of RESTful and GraphQL APIs.\nExpertise in profiling and optimizing application performance.\nAWS Expertise: Proficiency in AWS technologies, including EC2, RDS, S3, and Elastic Load Balancing.\nReal-time Trading Platforms: Experience in supporting real-time trading platforms running on highly optimized servers.\nPostgreSQL Expertise: Solid experience with PostgreSQL, preferably with exposure to AWS RDS and serverless Aurora.\nCI/CD: Proficiency in Continuous Integration and Continuous Deployment methodologies and tools.\nWeb Development: Basic understanding of web development principles and best practices.\nTeam Collaboration: Ability to work closely with cross-functional teams and stakeholders.\nProblem Solving: Strong troubleshooting and analytical skills.\n[Preferred] RUST commercial/business programming experience.\nPreferred Qualifications\n\nAWS Certification.\nPrevious experience in the financial and real-time trading industry.', 
'Competitive salary and bonus structure.\n13th monthly salary is guaranteed\nFlexible working hours and additional 12 paid leaves per year;\nYoung and active working environment.\nReview Salary twice a year\nProvide full of Equipment\nTime working: 8.30-17.30 from Monday - Friday', 
'Round 1: Technical Interview (Skills & Qualifications Test)\nRound 2: Culture Fit Interview', 
0, 'From 7 years', NULL, 'Negotiate', '2024-01-10', '2024-04-17', TRUE, 0, 1, 3, '2024-02-09');


INSERT INTO application (id, note, account_id, job_id, cv_id, created_at) VALUES
(1, 'Job application from Lê Minh Mẫn', 12, 1, 1, '2024-06-01'),
(2, 'Job application from Trần Minh Minh', 13, 2, 2, '2024-02-15'),
(3, 'Job application from Trần Đại Nghĩa', 14, 3, 3, '2024-03-01'),
(4, 'Job application from Nguyễn Ngọc Trâm', 15, 4, 4, '2024-04-01'),
(5, 'Job application from Từ Lê Diễm My', 16, 5, 5, '2024-06-01'),
(6, 'Job application from Từ Trinh Xuan Thanh', 17, 6, 6, '2024-06-05'),
(7, 'Job application from Từ Lê Thành', 18, 7, 7, '2024-04-01'),
(8, 'Job application fromTừ Phạm Phúc Hậu', 19, 8, 8, '2024-04-11'),
(9, 'Job application from Từ Lê Văn Luyện', 20, 9, 9, '2024-06-11'),
(10, 'Job application from Từ Nguyễn Lệ Nhi', 21, 10, 10, '2024-06-15'),

(11, 'Job application from Từ Nguyễn Lệ Nhi', 21, 32, 10, '2024-05-15'),
(12, 'Job application from Từ Phạm Phúc Hậu', 19, 32, 8, '2024-05-16'),
(13, 'Job application from Trần Minh Minh', 13, 32, 2, '2024-05-17'),
(14, 'Job application from Từ Lê Diễm My', 16, 32, 5, '2024-05-19'),
(15, 'Job application from Từ Lê Văn Luyện', 20, 32, 9, '2024-05-17'),

(16, 'Job application from Từ Nguyễn Lệ Nhi', 21, 3, 10, '2024-03-15'),
(17, 'Job application from Từ Phạm Phúc Hậu', 19, 3, 8, '2024-03-16'), 
(18, 'Job application from Trần Minh Minh', 13, 3, 2, '2024-03-17'),

(19, 'Job application from Từ Nguyễn Lệ Nhi', 21, 31, 10, '2024-04-15'),
(20, 'Job application from Từ Phạm Phúc Hậu', 19, 31, 8, '2024-04-16'), 
(21, 'Job application from Trần Minh Minh', 13, 31, 2, '2024-04-17'),
(22, 'Job application from Từ Lê Diễm My', 16, 31, 5, '2024-04-19'),

(23, 'Job application from Từ Nguyễn Lệ Nhi', 21, 33, 10, '2024-06-15'),
(24, 'Job application from Từ Phạm Phúc Hậu', 19, 33, 8, '2024-06-16'), 
(25, 'Job application from Trần Minh Minh', 13, 33, 2, '2024-06-17'),

(26, 'Job application from Từ Nguyễn Lệ Nhi', 21, 34, 10, '2024-07-15'),
(27, 'Job application from Từ Phạm Phúc Hậu', 19, 34, 8, '2024-07-16'),
(28, 'Job application from Trần Minh Minh', 13, 34, 2, '2024-07-17'),
(29, 'Job application from Từ Lê Diễm My', 16, 34, 5, '2024-07-19'),
(30, 'Job application from Từ Lê Văn Luyện', 20, 34, 9, '2024-07-17'),

(31, 'Job application from Từ Nguyễn Lệ Nhi', 21, 35, 10, '2024-01-15'),
(32, 'Job application from Từ Phạm Phúc Hậu', 19, 35, 8, '2024-01-16'),
(33, 'Job application from Trần Minh Minh', 13, 35, 2, '2024-01-17'),
(34, 'Job application from Từ Lê Diễm My', 16, 35, 5, '2024-01-19'),
(35, 'Job application from Từ Lê Văn Luyện', 20, 35, 9, '2024-01-20'),
(36, 'Job application from Trần Đại Nghĩa', 14, 35, 3, '2024-01-18'),
(37, 'Job application from Nguyễn Ngọc Trâm', 15, 35, 4, '2024-01-23'),

(38, 'Job application from Từ Nguyễn Lệ Nhi', 21, 13, 10, '2024-08-15'),
(39, 'Job application from Từ Phạm Phúc Hậu', 19, 13, 8, '2024-08-16'),
(40, 'Job application from Trần Minh Minh', 13, 13, 2, '2024-08-17'),
(41, 'Job application from Từ Lê Diễm My', 16, 13, 5, '2024-08-11'),
(42, 'Job application from Từ Lê Văn Luyện', 20, 13, 9, '2024-08-12'),
(43, 'Job application from Trần Đại Nghĩa', 14, 13, 3, '2024-08-13'),
(44, 'Job application from Nguyễn Ngọc Trâm', 15, 13, 4, '2024-08-14'),

(45, 'Job application from Lê Minh Mẫn', 12, 34, 1, '2024-02-15'),
(46, 'Job application from Từ Lê Thành', 18, 34, 7, '2024-02-16'),
(47, 'Job application from Từ Trinh Xuan Thanh', 17, 34, 6, '2024-02-17');

INSERT INTO follow_company (id, company_id, account_id) VALUES
(1, 1, 13),
(2, 1, 16),
(3, 1, 21),
(4, 1, 20),
(5, 1, 19),
(6, 1, 18);

INSERT INTO follow_job (id, job_id, account_id, created_at) VALUES 
(1, 1, 12, '2024-06-01'),
(2, 2, 13, '2024-02-15'),
(3, 3, 14, '2024-03-01'),
(4, 4, 15, '2024-04-01'),
(5, 5, 16, '2024-06-01'),
(6, 6, 17, '2024-06-05'),
(7, 7, 18, '2024-04-01'),
(8, 8, 19, '2024-04-11'),
(9, 9, 20, '2024-06-11'),
(10, 10, 21, '2024-05-11'),
(11, 11, 12, '2024-08-08'),
(12, 12, 13, '2024-08-08'),
(13, 13, 14, '2024-08-08'),
(14, 14, 15, '2024-08-09'),
(15, 15, 16, '2024-08-10'),
(16, 16, 17, '2024-08-11'),
(17, 17, 18, '2024-08-12'),
(18, 18, 19, '2024-08-13'),
(19, 19, 20, '2024-08-14'),
(20, 20, 21, '2024-08-15'),
(22, 13, 15, '2024-08-16'),
(23, 13, 16, '2024-08-16'),
(24, 13, 17, '2024-08-18'),
(25, 13, 21, '2024-08-17'),
(26, 13, 20, '2024-08-18'),
(27, 13, 19, '2024-08-19'),
(28, 3, 21, '2024-03-15'),
(29, 3, 19, '2024-03-16'),
(30, 3, 13, '2024-03-17'),
(31, 3, 15, '2024-03-19'),
(32, 3, 12, '2024-03-21'),
(33, 3, 16, '2024-03-09'),
(34, 3, 17, '2024-03-03'),
(35, 3, 18, '2024-03-08'),
(36, 32, 21, '2024-05-15'),
(37, 32, 19, '2024-05-16'),
(38, 32, 13, '2024-05-17'),
(39, 32, 16, '2024-05-18'),
(40, 32, 20, '2024-05-20'),
(41, 32, 18, '2024-05-21'),
(42, 32, 17, '2024-05-22'),
(43, 32, 15, '2024-05-23'),
(44, 32, 14, '2024-05-24'),
(45, 33, 21, '2024-06-15'),
(46, 33, 19, '2024-06-16'),
(47, 33, 13, '2024-06-17'),
(48, 33, 16, '2024-06-18'),
(49, 33, 20, '2024-06-20'),
(50, 33, 18, '2024-06-21'),
(51, 33, 17, '2024-06-22'),
(52, 34, 21, '2024-07-15'),
(53, 34, 19, '2024-07-16'),
(54, 34, 13, '2024-07-17'),
(55, 34, 16, '2024-07-18'),
(56, 34, 20, '2024-07-20'),
(57, 34, 18, '2024-07-21'),
(58, 34, 17, '2024-07-22'),
(59, 34, 14, '2024-07-24'),
(60, 31, 21, '2024-04-15'),
(61, 31, 19, '2024-04-16'),
(62, 31, 13, '2024-04-17'),
(63, 31, 16, '2024-04-18'),
(64, 31, 20, '2024-04-20'),
(65, 31, 18, '2024-04-21'),
(66, 31, 17, '2024-04-22'),
(67, 31, 15, '2024-04-23'),
(68, 31, 14, '2024-04-24'),
(70, 34, 19, '2024-02-16'),
(71, 34, 13, '2024-02-17'),
(72, 34, 16, '2024-02-18'),
(73, 34, 20, '2024-02-20'),
(74, 35, 21, '2024-01-15'),
(75, 35, 19, '2024-01-16'),
(76, 35, 13, '2024-01-17'), 
(77, 35, 16, '2024-01-18'),
(78, 35, 20, '2024-01-20'),
(79, 35, 18, '2024-01-21'),
(80, 35, 17, '2024-01-22'),
(81, 35, 15, '2024-01-23'),
(82, 35, 14, '2024-01-24');


INSERT INTO industry (id, name) VALUES 
(1, 'Software'),
(2, 'Business Services'),
(3, 'Fintech'),
(4, 'Business Services'),
(5, 'Software Outsourcing'),
(6, 'Entertainment / Game'),
(7, 'Sofware'),
(8, 'IT Services'),
(9, 'E-Commerce, Retail'),
(10, 'Media Advertising'),
(11, 'Education'),
(12, 'E-commerce Platforms'),
(13, 'Banking'),
(14, 'Hardware'),
(15, 'Finance'),
(16, 'Outsourcing'),
(17, 'B2B Service'),
(18, 'Human Resources'),
(19, 'Telecommunications'),
(20, 'Recruitment'),
(21, 'Health/Beauty'),
(22, 'Internet'),
(23, 'Services'),
(24, 'Information Technology'),
(25, 'Automotive Industry'),
(26, 'Food'),
(27, 'Real Estate'),
(28, 'Logistics'),
(29, 'Retail'),
(30, 'Creative Production'),
(31, 'Securities'),
(32, 'Insurance'),
(33, 'Recruitment'),
(34, 'Technology and Computer'),
(35, 'IT Consultant'),
(36, 'Agriculture'),
(37, 'Travel / Vacation'),
(38, 'Finance'),
(39, 'Fashion Social Network'),
(40, 'Post - Delivery'),
(41, 'EdTech'),
(42, 'Artifical Intelligence'),
(43, 'Project Management & Supervision Consulting'),
(44, 'Management & Digital Consulting');

INSERT INTO level (id, name) VALUES
(1, 'Intern'),
(2, 'Fresher'),
(3, 'Junior'),
(4, 'Senior'),
(5, 'Middle'),
(6, 'Leader'),
(7, 'Manager');

INSERT INTO level_job (id, level_id, job_id) VALUES
(1, 1, 1),
(2, 2, 2),
(3, 3, 3),
(4, 4, 4),
(5, 4, 5),
(6, 2, 6),
(7, 5, 7),
(8, 4, 8),
(9, 2, 9),
(10, 3, 10),
(11, 1, 11),
(12, 2, 12),
(13, 3, 13),
(14, 4, 14),
(15, 4, 15),
(16, 2, 16),
(17, 5, 17),
(18, 4, 18),
(19, 2, 19),
(20, 3, 20),
(21, 1, 21),
(22, 2, 22),
(23, 3, 23),
(24, 4, 24),
(25, 4, 25),
(26, 2, 26),
(27, 5, 27),
(28, 4, 28),
(29, 2, 29),
(30, 3, 30);

INSERT INTO skill (id, name, industry_id) VALUES
(1, 'HTML,CSS', 1),
(2, 'JavaScript', 1),
(3, 'React JS', 1),
(4, 'UI-UX', 1),
(5, 'Designer', 1),
(6, 'Photoshop', 1),
(7, 'FireBase', 1),
(8, 'UI-UX Design', 2),
(9, 'Product Design', 2),
(10, 'Game Design', 2),
(11, 'Illustrator', 2),
(12, 'Web/Mobile', 2),
(13, 'Unity', 1),
(14, 'Java', 3),
(15, 'C#', 3),
(16, 'NodeJS', 3),
(17, 'ASP.Net', 3),
(18, 'Laravel', 3),
(19, 'SQL Server', 3),
(20, 'Oracle', 3),
(21, 'Database', 3),
(22, 'Kotlin', 12),
(23, 'Android', 12),
(24, 'English', 17),
(25, 'Technology Support', 17),
(26, 'IT Support', 14),
(27, 'IT Operations', 14),
(28, 'Software Development', 14);

INSERT INTO skill_company (id, skill_id, company_id) VALUES
(1, 4, 1),
(2, 5, 1),
(3, 6, 1),
(4, 8, 1),
(5, 3, 2),
(6, 21, 2),
(7, 13, 2),
(8, 1, 2),
(11, 15, 3),
(12, 17, 3),
(13, 4, 4),
(14, 14, 4),
(15, 19, 5),
(16, 2, 5),
(17, 12, 6),
(18, 14, 6),
(19, 16, 7),
(20, 3, 7),
(21, 22, 8),
(22, 23, 8),
(23, 24, 9),
(24, 25, 9),
(25, 26, 10),
(26, 27, 10),
(27, 28, 10);

INSERT INTO skill_job (id, skill_id, job_id) VALUES
(1, 4, 1),
(2, 5, 1),
(3, 6, 1),
(4, 8, 1),
(5, 3, 2),
(6, 21, 2),
(7, 13, 2),
(8, 1, 2),
(9, 15, 3),
(10, 17, 3),
(11, 4, 4),
(12, 14, 4),
(13, 19, 5),
(14, 2, 5),
(15, 12, 6),
(16, 14, 6),
(17, 16, 7),
(18, 3, 7),
(19, 22, 8),
(20, 23, 8),
(21, 24, 9),
(22, 25, 9),
(23, 26, 10),
(24, 27, 10),
(25, 28, 10),
(26, 4, 11),
(27, 5, 11),
(28, 6, 11),
(29, 8, 11),
(30, 3, 12),
(31, 21, 12),
(32, 13, 12),
(33, 1, 12),
(34, 15, 13),
(35, 17, 13),
(36, 4, 14),
(37, 14, 14),
(38, 19, 15),
(39, 2, 15),
(40, 12, 16),
(41, 14, 16),
(42, 16, 17),
(43, 3, 17),
(44, 22, 18),
(45, 23, 18),
(46, 24, 19),
(47, 25, 19),
(48, 26, 20),
(49, 27, 20),
(50, 28, 20),
(51, 4, 21),
(52, 5, 21),
(53, 6, 21),
(54, 8, 21),
(55, 3, 22),
(56, 21, 22),
(57, 13, 22),
(58, 1, 22),
(59, 15, 23),
(60, 17, 23),
(61, 4, 24),
(62, 14, 24),
(63, 19, 25),
(64, 2, 25),
(65, 12, 26),
(66, 14, 26),
(67, 16, 27),
(68, 3, 27),
(69, 22, 28),
(70, 23, 28),
(71, 24, 29),
(72, 25, 29),
(73, 26, 30),
(74, 27, 30),
(75, 28, 30);

INSERT INTO subscription_plan (id, name, description, price, expiry) VALUES
(1, 'COMBO 30', 'Only 2.16$ can post 30 jobs within 30 days', 2.160, 30),
(2, 'COMBO 50', 'Only 3.30$ can post 50 jobs within 50 days', 3.330, 50),
(3, 'COMBO 100', 'Only 6.30$ can post 100 jobs within 100 days', 6.300, 100),
(4, 'COMBO 365', 'Only 18.00$ can post 300 jobs within 365 days', 18.000, 300);


INSERT INTO subcription_plan_company (id, start_date, end_date, company_id, subscription_plan_id, created_at) VALUES
-- Active subscriptions
(1, '2024-08-24', '2024-11-04', 1, 3, '2024-08-24'),
(3, '2024-08-01', '2024-11-11', 3, 3, '2024-08-01'),
(4, '2024-08-07', '2024-09-07', 4, 1, '2024-08-07'),
(5, '2024-08-07', '2024-09-07', 5, 1, '2024-08-07'),
(6, '2024-08-01', '2024-10-20', 6, 2, '2024-08-01'),
(7, '2024-08-01', '2025-08-01', 7, 4, '2024-08-01'),
(8, '2024-08-01', '2024-10-20', 8, 2, '2024-08-01'),
(9, '2024-08-01', '2024-10-20', 9, 2, '2024-08-01'),
(10, '2024-08-07', '2024-11-17', 10, 3, '2024-08-07'),

-- Expired subscriptions
(11, '2024-03-07', '2024-06-18', 1, 3, '2024-03-07'),
(12, '2023-06-07', '2024-07-03', 2, 4, '2024-06-07'),
(13, '2023-03-07', '2023-06-18', 3, 3, '2023-03-07'),
(14, '2024-03-07', '2024-04-07', 4, 1, '2024-03-07'),
(15, '2024-03-07', '2024-04-07', 5, 1, '2024-03-07'),
(16, '2024-03-07', '2024-04-07', 6, 1, '2024-03-07'),
(17, '2024-03-07', '2024-04-07', 7, 1, '2024-03-07'),
(18, '2024-03-07', '2024-04-07', 8, 1, '2024-03-07'),
(19, '2024-03-07', '2024-04-07', 9, 1, '2024-03-07'),
(20, '2024-03-07', '2024-04-07', 10, 1, '2024-03-07'),

-- More subscriptions
(21, '2024-04-07', '2024-07-18', 1, 3, '2024-04-07'),
(22, '2023-04-07', '2024-05-07', 2, 1, '2024-04-07'),
(23, '2023-02-07', '2024-05-18', 3, 3, '2023-02-07'),
(24, '2022-04-07', '2023-04-07', 4, 4, '2022-04-07'),
(25, '2024-02-07', '2024-04-17', 5, 2, '2024-02-07'),
(26, '2024-02-07', '2024-05-17', 6, 3, '2024-02-07'),
(27, '2024-02-07', '2024-04-27', 7, 2, '2024-02-07'),
(28, '2024-01-07', '2024-02-07', 8, 1, '2024-01-07'),
(29, '2024-03-07', '2024-02-07', 9, 1, '2024-03-07'),
(30, '2024-05-07', '2024-06-07', 10, 1, '2024-05-07'),

-- Additional subscriptions
(31, '2024-01-24', '2024-04-24', 1, 3, '2024-01-24'),
(32, '2023-01-24', '2024-01-24', 2, 4, '2023-01-24'),
(33, '2024-02-01', '2024-06-11', 3, 3, '2024-02-01'),
(34, '2024-01-07', '2024-02-07', 4, 1, '2024-01-07'),
(35, '2024-02-07', '2024-03-07', 5, 1, '2024-02-07'),
(36, '2024-02-01', '2024-04-20', 6, 2, '2024-02-01'),
(37, '2023-02-01', '2024-02-01', 7, 4, '2023-02-01'),
(38, '2024-01-01', '2024-03-20', 8, 2, '2024-01-01'),
(39, '2024-01-01', '2024-03-20', 9, 2, '2024-01-01'),
(40, '2024-03-07', '2024-06-17', 10, 3, '2024-03-07'),

-- Older subscriptions
(41, '2023-01-24', '2023-04-24', 10, 3, '2023-01-24'),
(42, '2022-01-24', '2023-01-24', 9, 4, '2022-01-24'),
(43, '2023-02-01', '2023-06-11', 8, 3, '2023-02-01'),
(44, '2023-01-07', '2023-02-07', 7, 1, '2023-01-07'),
(45, '2023-02-07', '2023-03-07', 6, 1, '2023-02-07'),
(46, '2023-02-01', '2023-04-20', 5, 2, '2023-02-01'),
(47, '2023-02-01', '2023-02-01', 4, 4, '2023-02-01'),
(48, '2023-01-01', '2023-03-20', 3, 2, '2023-01-01'),
(49, '2023-01-01', '2023-03-20', 2, 2, '2023-01-01'),
(50, '2023-01-07', '2023-02-07', 1, 1, '2023-03-07'),

-- Company 1 subscriptions
(51, '2024-04-07', '2024-03-07', 1, 1, '2024-04-07'),
(52, '2024-05-07', '2024-04-07', 1, 1, '2024-05-07'),
(53, '2024-06-07', '2024-05-07', 1, 1, '2024-06-07'),
(54, '2024-02-07', '2024-03-07', 1, 1, '2024-02-07'),
(55, '2024-07-07', '2024-08-07', 1, 1, '2024-07-07');

INSERT INTO viewed_job (id, job_id, account_id, created_at) VALUES
-- Initial view records
(1, 1, 12, '2024-06-01'),
(2, 2, 13, '2024-02-15'),
(3, 3, 14, '2024-03-01'),
(4, 4, 15, '2024-04-01'),
(5, 5, 16, '2024-06-01'),
(6, 6, 17, '2024-06-05'),
(7, 7, 18, '2024-04-01'),
(8, 8, 19, '2024-04-11'),
(9, 9, 20, '2024-06-11'),
(10, 10, 21, '2024-06-15'),

-- August views
(11, 11, 12, '2024-08-11'),
(12, 12, 13, '2024-08-12'),
(13, 13, 14, '2024-08-13'),
(14, 14, 15, '2024-08-14'),
(15, 15, 16, '2024-08-15'),
(16, 16, 17, '2024-08-16'),
(17, 17, 18, '2024-08-17'),
(18, 18, 19, '2024-08-18'),
(19, 19, 20, '2024-08-09'),
(20, 20, 21, '2024-08-10'),

-- Multiple views for job 13
(21, 13, 13, '2024-08-15'),
(22, 13, 16, '2024-08-16'),
(23, 13, 21, '2024-08-17'),
(24, 13, 20, '2024-08-18'),
(25, 13, 19, '2024-08-11'),

-- Multiple views for job 3
(26, 3, 21, '2024-03-15'),
(27, 3, 19, '2024-03-16'),
(28, 3, 13, '2024-03-17'),
(29, 3, 15, '2024-03-18'),

-- Multiple views for job 32
(30, 32, 21, '2024-05-15'),
(31, 32, 19, '2024-05-16'),
(32, 32, 13, '2024-05-17'),
(33, 32, 16, '2024-05-18'),
(34, 32, 20, '2024-05-20'),
(35, 32, 18, '2024-05-21'),
(36, 32, 17, '2024-05-22'),
(37, 32, 15, '2024-05-23'),

-- Multiple views for job 33
(38, 33, 21, '2024-06-15'),
(39, 33, 19, '2024-06-16'),
(40, 33, 13, '2024-06-17'),
(41, 33, 16, '2024-06-18'),
(42, 33, 20, '2024-06-20'),

-- Multiple views for job 34 (group 1)
(43, 34, 21, '2024-07-15'),
(44, 34, 19, '2024-07-16'),
(45, 34, 13, '2024-07-17'),
(46, 34, 16, '2024-07-18'),
(47, 34, 20, '2024-07-20'),
(48, 34, 18, '2024-07-21'),

-- Multiple views for job 31
(49, 31, 21, '2024-04-15'),
(50, 31, 19, '2024-04-16'),
(51, 31, 13, '2024-04-17'),
(52, 31, 16, '2024-04-18'),
(53, 31, 20, '2024-04-20'),

-- Multiple views for job 34 (group 2)
(54, 34, 12, '2024-02-16'),
(55, 34, 18, '2024-02-17'),
(56, 34, 17, '2024-02-18'),
(57, 34, 15, '2024-02-20'),
(58, 34, 14, '2024-02-21'),

-- Multiple views for job 35
(59, 35, 21, '2024-01-15'),
(60, 35, 19, '2024-01-16'),
(61, 35, 13, '2024-01-17'),
(62, 35, 16, '2024-01-18'),
(63, 35, 20, '2024-01-20'),
(64, 35, 14, '2024-01-21'),
(65, 35, 12, '2024-01-18'),
(66, 35, 15, '2024-01-20'),

-- Additional views for job 13
(67, 13, 15, '2024-08-18'),
(68, 13, 17, '2024-08-11');